frame_60fps,time_seconds,primary_phase,origin_glow,origin_branch_progress,symbol_opacity,symbol_scale,anchor_offset_x_pct,anchor_offset_y_pct,anchor_rotation_deg,upper_offset_x_pct,upper_offset_y_pct,upper_rotation_deg,lower_offset_x_pct,lower_offset_y_pct,lower_rotation_deg,echo_1_opacity,echo_2_opacity,echo_absorb_progress,symbol_to_lockup_progress,wordmark_reveal_progress,wordmark_opacity,symbol_to_header_progress,overlay_opacity,header_staff_progress,header_labels_progress,hero_staff_progress,hero_clef_progress,hero_copy_progress,interactive_ready
0,0.0000,origin,0.2500,0.0000,0.0000,0.1200,-8.0000,12.0000,-1.2000,14.0000,-10.0000,1.8000,10.0000,12.0000,-1.5000,0.0000,0.0000,0.0000,0.0000,0.0000,0.0000,0.0000,1.0000,0.0000,0.0000,0.0000,0.0000,0.0000,0
1,0.0167,origin,0.4976,0.0000,0.0000,0.1200,-8.0000,12.0000,-1.2000,14.0000,-10.0000,1.8000,10.0000,12.0000,-1.5000,0.0000,0.0000,0.0000,0.0000,0.0000,0.0000,0.0000,1.0000,0.0000,0.0000,0.0000,0.0000,0.0000,0
2,0.0333,origin,0.6836,0.0000,0.0000,0.1200,-8.0000,12.0000,-1.2000,14.0000,-10.0000,1.8000,10.0000,12.0000,-1.5000,0.0000,0.0000,0.0000,0.0000,0.0000,0.0000,0.0000,1.0000,0.0000,0.0000,0.0000,0.0000,0.0000,0
3,0.0500,origin,0.8169,0.0000,0.0000,0.1200,-8.0000,12.0000,-1.2000,14.0000,-10.0000,1.8000,10.0000,12.0000,-1.5000,0.0000,0.0000,0.0000,0.0000,0.0000,0.0000,0.0000,1.0000,0.0000,0.0000,0.0000,0.0000,0.0000,0
4,0.0667,origin,0.9062,0.0000,0.0000,0.1200,-8.0000,12.0000,-1.2000,14.0000,-10.0000,1.8000,10.0000,12.0000,-1.5000,0.0000,0.0000,0.0000,0.0000,0.0000,0.0000,0.0000,1.0000,0.0000,0.0000,0.0000,0.0000,0.0000,0
5,0.0833,origin,0.9604,0.0000,0.0000,0.1200,-8.0000,12.0000,-1.2000,14.0000,-10.0000,1.8000,10.0000,12.0000,-1.5000,0.0000,0.0000,0.0000,0.0000,0.0000,0.0000,0.0000,1.0000,0.0000,0.0000,0.0000,0.0000,0.0000,0
6,0.1000,origin,0.9883,0.0000,0.0000,0.1200,-8.0000,12.0000,-1.2000,14.0000,-10.0000,1.8000,10.0000,12.0000,-1.5000,0.0000,0.0000,0.0000,0.0000,0.0000,0.0000,0.0000,1.0000,0.0000,0.0000,0.0000,0.0000,0.0000,0
7,0.1167,origin,0.9985,0.0000,0.0000,0.1200,-8.0000,12.0000,-1.2000,14.0000,-10.0000,1.8000,10.0000,12.0000,-1.5000,0.0000,0.0000,0.0000,0.0000,0.0000,0.0000,0.0000,1.0000,0.0000,0.0000,0.0000,0.0000,0.0000,0
8,0.1333,origin,1.0000,0.0000,0.0000,0.1200,-8.0000,12.0000,-1.2000,14.0000,-10.0000,1.8000,10.0000,12.0000,-1.5000,0.0000,0.0000,0.0000,0.0000,0.0000,0.0000,0.0000,1.0000,0.0000,0.0000,0.0000,0.0000,0.0000,0
9,0.1500,origin,0.9964,0.0000,0.0000,0.1200,-8.0000,12.0000,-1.2000,14.0000,-10.0000,1.8000,10.0000,12.0000,-1.5000,0.0000,0.0000,0.0000,0.0000,0.0000,0.0000,0.0000,1.0000,0.0000,0.0000,0.0000,0.0000,0.0000,0
10,0.1667,origin,0.9715,0.0000,0.0000,0.1200,-8.0000,12.0000,-1.2000,14.0000,-10.0000,1.8000,10.0000,12.0000,-1.5000,0.0000,0.0000,0.0000,0.0000,0.0000,0.0000,0.0000,1.0000,0.0000,0.0000,0.0000,0.0000,0.0000,0
11,0.1833,origin,0.9037,0.0000,0.0000,0.1200,-8.0000,12.0000,-1.2000,14.0000,-10.0000,1.8000,10.0000,12.0000,-1.5000,0.0000,0.0000,0.0000,0.0000,0.0000,0.0000,0.0000,1.0000,0.0000,0.0000,0.0000,0.0000,0.0000,0
12,0.2000,origin,0.7717,0.0000,0.0000,0.1200,-8.0000,12.0000,-1.2000,14.0000,-10.0000,1.8000,10.0000,12.0000,-1.5000,0.0000,0.0000,0.0000,0.0000,0.0000,0.0000,0.0000,1.0000,0.0000,0.0000,0.0000,0.0000,0.0000,0
13,0.2167,origin,0.5783,0.0000,0.0000,0.1200,-8.0000,12.0000,-1.2000,14.0000,-10.0000,1.8000,10.0000,12.0000,-1.5000,0.0000,0.0000,0.0000,0.0000,0.0000,0.0000,0.0000,1.0000,0.0000,0.0000,0.0000,0.0000,0.0000,0
14,0.2333,origin,0.4463,0.0000,0.0000,0.1200,-8.0000,12.0000,-1.2000,14.0000,-10.0000,1.8000,10.0000,12.0000,-1.5000,0.0000,0.0000,0.0000,0.0000,0.0000,0.0000,0.0000,1.0000,0.0000,0.0000,0.0000,0.0000,0.0000,0
15,0.2500,origin,0.3785,0.0000,0.0000,0.1200,-8.0000,12.0000,-1.2000,14.0000,-10.0000,1.8000,10.0000,12.0000,-1.5000,0.0000,0.0000,0.0000,0.0000,0.0000,0.0000,0.0000,1.0000,0.0000,0.0000,0.0000,0.0000,0.0000,0
16,0.2667,origin,0.3536,0.0000,0.0000,0.1200,-8.0000,12.0000,-1.2000,14.0000,-10.0000,1.8000,10.0000,12.0000,-1.5000,0.0000,0.0000,0.0000,0.0000,0.0000,0.0000,0.0000,1.0000,0.0000,0.0000,0.0000,0.0000,0.0000,0
17,0.2833,origin,0.3500,0.0000,0.0000,0.1200,-8.0000,12.0000,-1.2000,14.0000,-10.0000,1.8000,10.0000,12.0000,-1.5000,0.0000,0.0000,0.0000,0.0000,0.0000,0.0000,0.0000,1.0000,0.0000,0.0000,0.0000,0.0000,0.0000,0
18,0.3000,symbol-seed,0.3500,0.0000,0.0000,0.1200,-8.0000,12.0000,-1.2000,14.0000,-10.0000,1.8000,10.0000,12.0000,-1.5000,0.0000,0.0000,0.0000,0.0000,0.0000,0.0000,0.0000,1.0000,0.0000,0.0000,0.0000,0.0000,0.0000,0
19,0.3167,symbol-seed,0.3348,0.2487,0.1993,0.1575,-8.0000,12.0000,-1.2000,14.0000,-10.0000,1.8000,10.0000,12.0000,-1.5000,0.0000,0.0000,0.0000,0.0000,0.0000,0.0000,0.0000,1.0000,0.0000,0.0000,0.0000,0.0000,0.0000,0
20,0.3333,symbol-seed,0.3196,0.4523,0.3703,0.1917,-7.9998,11.9997,-1.2000,13.9996,-9.9997,1.8000,9.9997,11.9997,-1.5000,0.0000,0.0000,0.0000,0.0000,0.0000,0.0000,0.0000,1.0000,0.0000,0.0000,0.0000,0.0000,0.0000,0
21,0.3500,symbol-seed,0.3043,0.6153,0.5149,0.2227,-7.9993,11.9989,-1.1999,13.9988,-9.9991,1.7998,9.9991,11.9989,-1.4999,0.0000,0.0000,0.0000,0.0000,0.0000,0.0000,0.0000,1.0000,0.0000,0.0000,0.0000,0.0000,0.0000,0
22,0.3667,symbol-seed,0.2891,0.7423,0.6356,0.2509,-7.9983,11.9975,-1.1997,13.9971,-9.9979,1.7996,9.9979,11.9975,-1.4997,0.0000,0.0000,0.0000,0.0000,0.0000,0.0000,0.0000,1.0000,0.0000,0.0000,0.0000,0.0000,0.0000,0
23,0.3833,symbol-seed,0.2739,0.8377,0.7343,0.2762,-7.9967,11.9951,-1.1995,13.9943,-9.9959,1.7993,9.9959,11.9951,-1.4994,0.0000,0.0000,0.0000,0.0000,0.0000,0.0000,0.0000,1.0000,0.0000,0.0000,0.0000,0.0000,0.0000,0
24,0.4000,symbol-seed,0.2587,0.9061,0.8134,0.2989,-7.9944,11.9915,-1.1992,13.9901,-9.9929,1.7987,9.9929,11.9915,-1.4989,0.0000,0.0000,0.0000,0.0000,0.0000,0.0000,0.0000,1.0000,0.0000,0.0000,0.0000,0.0000,0.0000,0
25,0.4167,symbol-seed,0.2435,0.9519,0.8750,0.3190,-7.9910,11.9866,-1.1987,13.9843,-9.9888,1.7980,9.9888,11.9866,-1.4983,0.0000,0.0000,0.0000,0.0000,0.0000,0.0000,0.0000,1.0000,0.0000,0.0000,0.0000,0.0000,0.0000,0
26,0.4333,symbol-seed,0.2283,0.9797,0.9213,0.3368,-7.9866,11.9799,-1.1980,13.9766,-9.9833,1.7970,9.9833,11.9799,-1.4975,0.0000,0.0000,0.0000,0.0000,0.0000,0.0000,0.0000,1.0000,0.0000,0.0000,0.0000,0.0000,0.0000,0
27,0.4500,symbol-seed,0.2130,0.9940,0.9544,0.3523,-7.9810,11.9714,-1.1971,13.9667,-9.9762,1.7957,9.9762,11.9714,-1.4964,0.0000,0.0000,0.0000,0.0000,0.0000,0.0000,0.0000,1.0000,0.0000,0.0000,0.0000,0.0000,0.0000,0
28,0.4667,symbol-seed,0.1978,0.9992,0.9767,0.3658,-7.9739,11.9608,-1.1961,13.9543,-9.9673,1.7941,9.9673,11.9608,-1.4951,0.0000,0.0000,0.0000,0.0000,0.0000,0.0000,0.0000,1.0000,0.0000,0.0000,0.0000,0.0000,0.0000,0
29,0.4833,symbol-seed,0.1826,1.0000,0.9902,0.3774,-7.9652,11.9478,-1.1948,13.9392,-9.9565,1.7922,9.9565,11.9478,-1.4935,0.0000,0.0000,0.0000,0.0000,0.0000,0.0000,0.0000,1.0000,0.0000,0.0000,0.0000,0.0000,0.0000,0
30,0.5000,symbol-seed,0.1674,1.0000,0.9971,0.3872,-7.9549,11.9323,-1.1932,13.9210,-9.9436,1.7898,9.9436,11.9323,-1.4915,0.0000,0.0000,0.0000,0.0000,0.0000,0.0000,0.0000,1.0000,0.0000,0.0000,0.0000,0.0000,0.0000,0
31,0.5167,symbol-seed,0.1522,0.9091,0.9996,0.3953,-7.9426,11.9139,-1.1914,13.8996,-9.9283,1.7871,9.9283,11.9139,-1.4892,0.0000,0.0000,0.0000,0.0000,0.0000,0.0000,0.0000,1.0000,0.0000,0.0000,0.0000,0.0000,0.0000,0
32,0.5333,symbol-seed,0.1370,0.8182,1.0000,0.4020,-7.9283,11.8925,-1.1892,13.8746,-9.9104,1.7839,9.9104,11.8925,-1.4866,0.0000,0.0000,0.0000,0.0000,0.0000,0.0000,0.0000,1.0000,0.0000,0.0000,0.0000,0.0000,0.0000,0
33,0.5500,symbol-seed,0.1217,0.7273,1.0000,0.4074,-7.9118,11.8678,-1.1868,13.8457,-9.8898,1.7802,9.8898,11.8678,-1.4835,0.0000,0.0000,0.0000,0.0000,0.0000,0.0000,0.0000,1.0000,0.0000,0.0000,0.0000,0.0000,0.0000,0
34,0.5667,symbol-seed,0.1065,0.6364,1.0000,0.4115,-7.8930,11.8395,-1.1840,13.8128,-9.8663,1.7759,9.8663,11.8395,-1.4799,0.0000,0.0000,0.0000,0.0000,0.0000,0.0000,0.0000,1.0000,0.0000,0.0000,0.0000,0.0000,0.0000,0
35,0.5833,symbol-seed,0.0913,0.5455,1.0000,0.4147,-7.8717,11.8075,-1.1807,13.7754,-9.8396,1.7711,9.8396,11.8075,-1.4759,0.0000,0.0000,0.0000,0.0000,0.0000,0.0000,0.0000,1.0000,0.0000,0.0000,0.0000,0.0000,0.0000,0
36,0.6000,symbol-seed,0.0761,0.4545,1.0000,0.4169,-7.8477,11.7715,-1.1771,13.7334,-9.8096,1.7657,9.8096,11.7715,-1.4714,0.0000,0.0000,0.0000,0.0000,0.0000,0.0000,0.0000,1.0000,0.0000,0.0000,0.0000,0.0000,0.0000,0
37,0.6167,symbol-seed,0.0609,0.3636,1.0000,0.4184,-7.8208,11.7312,-1.1731,13.6865,-9.7760,1.7597,9.7760,11.7312,-1.4664,0.0000,0.0000,0.0000,0.0000,0.0000,0.0000,0.0000,1.0000,0.0000,0.0000,0.0000,0.0000,0.0000,0
38,0.6333,symbol-seed,0.0457,0.2727,1.0000,0.4193,-7.7910,11.6865,-1.1687,13.6343,-9.7388,1.7530,9.7388,11.6865,-1.4608,0.0000,0.0000,0.0000,0.0000,0.0000,0.0000,0.0000,1.0000,0.0000,0.0000,0.0000,0.0000,0.0000,0
39,0.6500,symbol-seed,0.0304,0.1818,1.0000,0.4198,-7.7581,11.6371,-1.1637,13.5767,-9.6976,1.7456,9.6976,11.6371,-1.4546,0.0000,0.0000,0.0000,0.0000,0.0000,0.0000,0.0000,1.0000,0.0000,0.0000,0.0000,0.0000,0.0000,0
40,0.6667,symbol-seed,0.0152,0.0909,1.0000,0.4200,-7.7219,11.5828,-1.1583,13.5133,-9.6523,1.7374,9.6523,11.5828,-1.4478,0.0000,0.0000,0.0000,0.0000,0.0000,0.0000,0.0000,1.0000,0.0000,0.0000,0.0000,0.0000,0.0000,0
41,0.6833,symbol-seed,0.0000,0.0000,1.0000,0.4200,-7.6822,11.5233,-1.1523,13.4438,-9.6027,1.7285,9.6027,11.5233,-1.4404,0.0000,0.0000,0.0000,0.0000,0.0000,0.0000,0.0000,1.0000,0.0000,0.0000,0.0000,0.0000,0.0000,0
42,0.7000,expansion-echo,0.0000,0.0000,1.0000,0.4200,-7.6389,11.4583,-1.1458,13.3681,-9.5486,1.7188,9.5486,11.4583,-1.4323,0.0000,0.0000,0.0000,0.0000,0.0000,0.0000,0.0000,1.0000,0.0000,0.0000,0.0000,0.0000,0.0000,0
43,0.7167,expansion-echo,0.0000,0.0000,1.0000,0.5132,-7.5919,11.3878,-1.1388,13.2857,-9.4898,1.7082,9.4898,11.3878,-1.4235,0.0567,0.0000,0.0000,0.0000,0.0000,0.0000,0.0000,1.0000,0.0000,0.0000,0.0000,0.0000,0.0000,0
44,0.7333,expansion-echo,0.0000,0.0000,1.0000,0.5937,-7.5409,11.3113,-1.1311,13.1966,-9.4261,1.6967,9.4261,11.3113,-1.4139,0.1072,0.0000,0.0000,0.0000,0.0000,0.0000,0.0000,1.0000,0.0000,0.0000,0.0000,0.0000,0.0000,0
45,0.7500,expansion-echo,0.0000,0.0000,1.0000,0.6631,-7.4858,11.2288,-1.1229,13.1002,-9.3573,1.6843,9.3573,11.2288,-1.4036,0.1517,0.0000,0.0000,0.0000,0.0000,0.0000,0.0000,1.0000,0.0000,0.0000,0.0000,0.0000,0.0000,0
46,0.7667,expansion-echo,0.0000,0.0000,1.0000,0.7230,-7.4266,11.1399,-1.1140,12.9965,-9.2832,1.6710,9.2832,11.1399,-1.3925,0.1906,0.0000,0.0000,0.0000,0.0000,0.0000,0.0000,1.0000,0.0000,0.0000,0.0000,0.0000,0.0000,0
47,0.7833,expansion-echo,0.0000,0.0000,1.0000,0.7747,-7.3629,11.0444,-1.1044,12.8851,-9.2037,1.6567,9.2037,11.0444,-1.3805,0.2244,0.0000,0.0000,0.0000,0.0000,0.0000,0.0000,1.0000,0.0000,0.0000,0.0000,0.0000,0.0000,0
48,0.8000,expansion-echo,0.0000,0.0000,1.0000,0.8193,-7.2947,10.9421,-1.0942,12.7658,-9.1184,1.6413,9.1184,10.9421,-1.3678,0.2533,0.0000,0.0000,0.0000,0.0000,0.0000,0.0000,1.0000,0.0000,0.0000,0.0000,0.0000,0.0000,0
49,0.8167,expansion-echo,0.0000,0.0000,1.0000,0.8578,-7.2218,10.8327,-1.0833,12.6382,-9.0273,1.6249,9.0273,10.8327,-1.3541,0.2778,0.0000,0.0000,0.0000,0.0000,0.0000,0.0000,1.0000,0.0000,0.0000,0.0000,0.0000,0.0000,0
50,0.8333,expansion-echo,0.0000,0.0000,1.0000,0.8910,-7.1440,10.7161,-1.0716,12.5021,-8.9301,1.6074,8.9301,10.7161,-1.3395,0.2983,0.0000,0.0000,0.0000,0.0000,0.0000,0.0000,1.0000,0.0000,0.0000,0.0000,0.0000,0.0000,0
51,0.8500,expansion-echo,0.0000,0.0000,1.0000,0.9197,-7.0613,10.5919,-1.0592,12.3572,-8.8266,1.5888,8.8266,10.5919,-1.3240,0.3150,0.0411,0.0000,0.0000,0.0000,0.0000,0.0000,1.0000,0.0000,0.0000,0.0000,0.0000,0.0000,0
52,0.8667,expansion-echo,0.0000,0.0000,1.0000,0.9444,-6.9733,10.4600,-1.0460,12.2033,-8.7166,1.5690,8.7166,10.4600,-1.3075,0.3284,0.0768,0.0000,0.0000,0.0000,0.0000,0.0000,1.0000,0.0000,0.0000,0.0000,0.0000,0.0000,0
53,0.8833,expansion-echo,0.0000,0.0000,1.0000,0.9657,-6.8800,10.3201,-1.0320,12.0401,-8.6000,1.5480,8.6000,10.3201,-1.2900,0.3388,0.1074,0.0000,0.0000,0.0000,0.0000,0.0000,1.0000,0.0000,0.0000,0.0000,0.0000,0.0000,0
54,0.9000,expansion-echo,0.0000,0.0000,1.0000,0.9841,-6.7813,10.1719,-1.0172,11.8672,-8.4766,1.5258,8.4766,10.1719,-1.2715,0.3467,0.1332,0.0000,0.0000,0.0000,0.0000,0.0000,1.0000,0.0000,0.0000,0.0000,0.0000,0.0000,0
55,0.9167,expansion-echo,0.0000,0.0000,1.0000,1.0000,-6.6769,10.0153,-1.0015,11.6845,-8.3461,1.5023,8.3461,10.0153,-1.2519,0.3523,0.1548,0.0000,0.0000,0.0000,0.0000,0.0000,1.0000,0.0000,0.0000,0.0000,0.0000,0.0000,0
56,0.9333,expansion-echo,0.0000,0.0000,1.0000,1.0137,-6.5667,9.8500,-0.9850,11.4917,-8.2083,1.4775,8.2083,9.8500,-1.2312,0.3560,0.1725,0.0000,0.0000,0.0000,0.0000,0.0000,1.0000,0.0000,0.0000,0.0000,0.0000,0.0000,0
57,0.9500,expansion-echo,0.0000,0.0000,1.0000,1.0256,-6.4505,9.6757,-0.9676,11.2884,-8.0631,1.4514,8.0631,9.6757,-1.2095,0.3583,0.1866,0.0000,0.0000,0.0000,0.0000,0.0000,1.0000,0.0000,0.0000,0.0000,0.0000,0.0000,0
58,0.9667,expansion-echo,0.0000,0.0000,1.0000,1.0358,-6.3282,9.4923,-0.9492,11.0744,-7.9103,1.4238,7.9103,9.4923,-1.1865,0.3595,0.1976,0.0000,0.0000,0.0000,0.0000,0.0000,1.0000,0.0000,0.0000,0.0000,0.0000,0.0000,0
59,0.9833,expansion-echo,0.0000,0.0000,1.0000,1.0446,-6.1997,9.2995,-0.9300,10.8494,-7.7496,1.3949,7.7496,9.2995,-1.1624,0.3599,0.2059,0.0000,0.0000,0.0000,0.0000,0.0000,1.0000,0.0000,0.0000,0.0000,0.0000,0.0000,0
60,1.0000,expansion-echo,0.0000,0.0000,1.0000,1.0522,-6.0647,9.0971,-0.9097,10.6132,-7.5809,1.3646,7.5809,9.0971,-1.1371,0.3600,0.2119,0.0000,0.0000,0.0000,0.0000,0.0000,1.0000,0.0000,0.0000,0.0000,0.0000,0.0000,0
61,1.0167,expansion-echo,0.0000,0.0000,1.0000,1.0587,-5.9232,8.8847,-0.8885,10.3655,-7.4039,1.3327,7.4039,8.8847,-1.1106,0.3600,0.2158,0.0000,0.0000,0.0000,0.0000,0.0000,1.0000,0.0000,0.0000,0.0000,0.0000,0.0000,0
62,1.0333,expansion-echo,0.0000,0.0000,1.0000,1.0644,-5.7749,8.6623,-0.8662,10.1060,-7.2186,1.2993,7.2186,8.6623,-1.0828,0.3600,0.2182,0.0000,0.0000,0.0000,0.0000,0.0000,1.0000,0.0000,0.0000,0.0000,0.0000,0.0000,0
63,1.0500,expansion-echo,0.0000,0.0000,1.0000,1.0693,-5.6197,8.4295,-0.8430,9.8344,-7.0246,1.2644,7.0246,8.4295,-1.0537,0.3600,0.2195,0.0000,0.0000,0.0000,0.0000,0.0000,1.0000,0.0000,0.0000,0.0000,0.0000,0.0000,0
64,1.0667,expansion-echo,0.0000,0.0000,1.0000,1.0735,-5.4574,8.1862,-0.8186,9.5505,-6.8218,1.2279,6.8218,8.1862,-1.0233,0.3600,0.2199,0.0000,0.0000,0.0000,0.0000,0.0000,1.0000,0.0000,0.0000,0.0000,0.0000,0.0000,0
65,1.0833,expansion-echo,0.0000,0.0000,1.0000,1.0771,-5.2880,7.9320,-0.7932,9.2540,-6.6100,1.1898,6.6100,7.9320,-0.9915,0.3600,0.2200,0.0000,0.0000,0.0000,0.0000,0.0000,1.0000,0.0000,0.0000,0.0000,0.0000,0.0000,0
66,1.1000,expansion-echo,0.0000,0.0000,1.0000,1.0803,-5.1112,7.6668,-0.7667,8.9445,-6.3890,1.1500,6.3890,7.6668,-0.9583,0.3600,0.2200,0.0000,0.0000,0.0000,0.0000,0.0000,1.0000,0.0000,0.0000,0.0000,0.0000,0.0000,0
67,1.1167,expansion-echo,0.0000,0.0000,1.0000,1.0830,-4.9268,7.3902,-0.7390,8.6219,-6.1585,1.1085,6.1585,7.3902,-0.9238,0.3600,0.2200,0.0000,0.0000,0.0000,0.0000,0.0000,1.0000,0.0000,0.0000,0.0000,0.0000,0.0000,0
68,1.1333,expansion-echo,0.0000,0.0000,1.0000,1.0853,-4.7348,7.1022,-0.7102,8.2859,-5.9185,1.0653,5.9185,7.1022,-0.8878,0.3600,0.2200,0.0000,0.0000,0.0000,0.0000,0.0000,1.0000,0.0000,0.0000,0.0000,0.0000,0.0000,0
69,1.1500,expansion-echo,0.0000,0.0000,1.0000,1.0873,-4.5350,6.8024,-0.6802,7.9362,-5.6687,1.0204,5.6687,6.8024,-0.8503,0.3600,0.2200,0.0000,0.0000,0.0000,0.0000,0.0000,1.0000,0.0000,0.0000,0.0000,0.0000,0.0000,0
70,1.1667,expansion-echo,0.0000,0.0000,1.0000,1.0891,-4.3271,6.4907,-0.6491,7.5724,-5.4089,0.9736,5.4089,6.4907,-0.8113,0.3600,0.2200,0.0000,0.0000,0.0000,0.0000,0.0000,1.0000,0.0000,0.0000,0.0000,0.0000,0.0000,0
71,1.1833,expansion-echo,0.0000,0.0000,1.0000,1.0906,-4.1111,6.1667,-0.6167,7.1944,-5.1389,0.9250,5.1389,6.1667,-0.7708,0.3600,0.2200,0.0000,0.0000,0.0000,0.0000,0.0000,1.0000,0.0000,0.0000,0.0000,0.0000,0.0000,0
72,1.2000,expansion-echo,0.0000,0.0000,1.0000,1.0919,-3.8889,5.8333,-0.5833,6.8056,-4.8611,0.8750,4.8611,5.8333,-0.7292,0.3600,0.2200,0.0000,0.0000,0.0000,0.0000,0.0000,1.0000,0.0000,0.0000,0.0000,0.0000,0.0000,0
73,1.2167,expansion-echo,0.0000,0.0000,1.0000,1.0930,-3.6729,5.5093,-0.5509,6.4276,-4.5911,0.8264,4.5911,5.5093,-0.6887,0.3600,0.2200,0.0000,0.0000,0.0000,0.0000,0.0000,1.0000,0.0000,0.0000,0.0000,0.0000,0.0000,0
74,1.2333,expansion-echo,0.0000,0.0000,1.0000,1.0939,-3.4650,5.1976,-0.5198,6.0638,-4.3313,0.7796,4.3313,5.1976,-0.6497,0.3600,0.2200,0.0000,0.0000,0.0000,0.0000,0.0000,1.0000,0.0000,0.0000,0.0000,0.0000,0.0000,0
75,1.2500,expansion-echo,0.0000,0.0000,1.0000,1.0948,-3.2652,4.8978,-0.4898,5.7141,-4.0815,0.7347,4.0815,4.8978,-0.6122,0.3600,0.2200,0.0000,0.0000,0.0000,0.0000,0.0000,1.0000,0.0000,0.0000,0.0000,0.0000,0.0000,0
76,1.2667,expansion-echo,0.0000,0.0000,1.0000,1.0955,-3.0732,4.6098,-0.4610,5.3781,-3.8415,0.6915,3.8415,4.6098,-0.5762,0.3600,0.2200,0.0000,0.0000,0.0000,0.0000,0.0000,1.0000,0.0000,0.0000,0.0000,0.0000,0.0000,0
77,1.2833,expansion-echo,0.0000,0.0000,1.0000,1.0961,-2.8888,4.3332,-0.4333,5.0555,-3.6110,0.6500,3.6110,4.3332,-0.5417,0.3600,0.2200,0.0000,0.0000,0.0000,0.0000,0.0000,1.0000,0.0000,0.0000,0.0000,0.0000,0.0000,0
78,1.3000,expansion-echo,0.0000,0.0000,1.0000,1.0966,-2.7120,4.0680,-0.4068,4.7460,-3.3900,0.6102,3.3900,4.0680,-0.5085,0.3600,0.2200,0.0000,0.0000,0.0000,0.0000,0.0000,1.0000,0.0000,0.0000,0.0000,0.0000,0.0000,0
79,1.3167,expansion-echo,0.0000,0.0000,1.0000,1.0971,-2.5426,3.8138,-0.3814,4.4495,-3.1782,0.5721,3.1782,3.8138,-0.4767,0.3600,0.2200,0.0000,0.0000,0.0000,0.0000,0.0000,1.0000,0.0000,0.0000,0.0000,0.0000,0.0000,0
80,1.3333,expansion-echo,0.0000,0.0000,1.0000,1.0975,-2.3803,3.5705,-0.3570,4.1656,-2.9754,0.5356,2.9754,3.5705,-0.4463,0.3600,0.2200,0.0000,0.0000,0.0000,0.0000,0.0000,1.0000,0.0000,0.0000,0.0000,0.0000,0.0000,0
81,1.3500,expansion-echo,0.0000,0.0000,1.0000,1.0978,-2.2251,3.3377,-0.3338,3.8940,-2.7814,0.5007,2.7814,3.3377,-0.4172,0.3600,0.2200,0.0000,0.0000,0.0000,0.0000,0.0000,1.0000,0.0000,0.0000,0.0000,0.0000,0.0000,0
82,1.3667,expansion-echo,0.0000,0.0000,1.0000,1.0981,-2.0768,3.1153,-0.3115,3.6345,-2.5961,0.4673,2.5961,3.1153,-0.3894,0.3600,0.2200,0.0000,0.0000,0.0000,0.0000,0.0000,1.0000,0.0000,0.0000,0.0000,0.0000,0.0000,0
83,1.3833,expansion-echo,0.0000,0.0000,1.0000,1.0984,-1.9353,2.9029,-0.2903,3.3868,-2.4191,0.4354,2.4191,2.9029,-0.3629,0.3600,0.2200,0.0000,0.0000,0.0000,0.0000,0.0000,1.0000,0.0000,0.0000,0.0000,0.0000,0.0000,0
84,1.4000,expansion-echo,0.0000,0.0000,1.0000,1.0986,-1.8003,2.7005,-0.2700,3.1506,-2.2504,0.4051,2.2504,2.7005,-0.3376,0.3600,0.2200,0.0000,0.0000,0.0000,0.0000,0.0000,1.0000,0.0000,0.0000,0.0000,0.0000,0.0000,0
85,1.4167,expansion-echo,0.0000,0.0000,1.0000,1.0988,-1.6718,2.5077,-0.2508,2.9256,-2.0897,0.3762,2.0897,2.5077,-0.3135,0.3600,0.2200,0.0000,0.0000,0.0000,0.0000,0.0000,1.0000,0.0000,0.0000,0.0000,0.0000,0.0000,0
86,1.4333,expansion-echo,0.0000,0.0000,1.0000,1.0990,-1.5495,2.3243,-0.2324,2.7116,-1.9369,0.3486,1.9369,2.3243,-0.2905,0.3600,0.2200,0.0000,0.0000,0.0000,0.0000,0.0000,1.0000,0.0000,0.0000,0.0000,0.0000,0.0000,0
87,1.4500,expansion-echo,0.0000,0.0000,1.0000,1.0991,-1.4333,2.1500,-0.2150,2.5083,-1.7917,0.3225,1.7917,2.1500,-0.2688,0.3600,0.2200,0.0000,0.0000,0.0000,0.0000,0.0000,1.0000,0.0000,0.0000,0.0000,0.0000,0.0000,0
88,1.4667,expansion-echo,0.0000,0.0000,1.0000,1.0992,-1.3231,1.9847,-0.1985,2.3155,-1.6539,0.2977,1.6539,1.9847,-0.2481,0.3600,0.2200,0.0000,0.0000,0.0000,0.0000,0.0000,1.0000,0.0000,0.0000,0.0000,0.0000,0.0000,0
89,1.4833,expansion-echo,0.0000,0.0000,1.0000,1.1000,-1.2187,1.8281,-0.1828,2.1328,-1.5234,0.2742,1.5234,1.8281,-0.2285,0.3600,0.2200,0.0000,0.0000,0.0000,0.0000,0.0000,1.0000,0.0000,0.0000,0.0000,0.0000,0.0000,0
90,1.5000,symbol-lock,0.0000,0.0000,1.0000,1.1000,-1.1200,1.6799,-0.1680,1.9599,-1.4000,0.2520,1.4000,1.6799,-0.2100,0.3600,0.2200,0.0000,0.0000,0.0000,0.0000,0.0000,1.0000,0.0000,0.0000,0.0000,0.0000,0.0000,0
91,1.5167,symbol-lock,0.0000,0.0000,1.0000,1.0917,-1.0267,1.5400,-0.1540,1.7967,-1.2834,0.2310,1.2834,1.5400,-0.1925,0.3600,0.2200,0.0001,0.0000,0.0000,0.0000,0.0000,1.0000,0.0000,0.0000,0.0000,0.0000,0.0000,0
92,1.5333,symbol-lock,0.0000,0.0000,1.0000,1.0838,-0.9387,1.4081,-0.1408,1.6428,-1.1734,0.2112,1.1734,1.4081,-0.1760,0.3597,0.2198,0.0007,0.0000,0.0000,0.0000,0.0000,1.0000,0.0000,0.0000,0.0000,0.0000,0.0000,0
93,1.5500,symbol-lock,0.0000,0.0000,1.0000,1.0764,-0.8560,1.2839,-0.1284,1.4979,-1.0699,0.1926,1.0699,1.2839,-0.1605,0.3591,0.2194,0.0025,0.0000,0.0000,0.0000,0.0000,1.0000,0.0000,0.0000,0.0000,0.0000,0.0000,0
94,1.5667,symbol-lock,0.0000,0.0000,1.0000,1.0695,-0.7782,1.1673,-0.1167,1.3618,-0.9727,0.1751,0.9727,1.1673,-0.1459,0.3579,0.2187,0.0060,0.0000,0.0000,0.0000,0.0000,1.0000,0.0000,0.0000,0.0000,0.0000,0.0000,0
95,1.5833,symbol-lock,0.0000,0.0000,1.0000,1.0630,-0.7053,1.0579,-0.1058,1.2342,-0.8816,0.1587,0.8816,1.0579,-0.1322,0.3558,0.2174,0.0117,0.0000,0.0000,0.0000,0.0000,1.0000,0.0000,0.0000,0.0000,0.0000,0.0000,0
96,1.6000,symbol-lock,0.0000,0.0000,1.0000,1.0569,-0.6371,0.9556,-0.0956,1.1149,-0.7963,0.1433,0.7963,0.9556,-0.1195,0.3527,0.2156,0.0202,0.0000,0.0000,0.0000,0.0000,1.0000,0.0000,0.0000,0.0000,0.0000,0.0000,0
97,1.6167,symbol-lock,0.0000,0.0000,1.0000,1.0512,-0.5734,0.8601,-0.0860,1.0035,-0.7168,0.1290,0.7168,0.8601,-0.1075,0.3485,0.2130,0.0320,0.0000,0.0000,0.0000,0.0000,1.0000,0.0000,0.0000,0.0000,0.0000,0.0000,0
98,1.6333,symbol-lock,0.0000,0.0000,1.0000,1.0459,-0.5142,0.7712,-0.0771,0.8998,-0.6427,0.1157,0.6427,0.7712,-0.0964,0.3428,0.2095,0.0478,0.0000,0.0000,0.0000,0.0000,1.0000,0.0000,0.0000,0.0000,0.0000,0.0000,0
99,1.6500,symbol-lock,0.0000,0.0000,1.0000,1.0410,-0.4591,0.6887,-0.0689,0.8034,-0.5739,0.1033,0.5739,0.6887,-0.0861,0.3355,0.2050,0.0680,0.0000,0.0000,0.0000,0.0000,1.0000,0.0000,0.0000,0.0000,0.0000,0.0000,0
100,1.6667,symbol-lock,0.0000,0.0000,1.0000,1.0364,-0.4081,0.6122,-0.0612,0.7143,-0.5102,0.0918,0.5102,0.6122,-0.0765,0.3264,0.1995,0.0933,0.0000,0.0000,0.0000,0.0000,1.0000,0.0000,0.0000,0.0000,0.0000,0.0000,0
101,1.6833,symbol-lock,0.0000,0.0000,1.0000,1.0322,-0.3611,0.5417,-0.0542,0.6319,-0.4514,0.0812,0.4514,0.5417,-0.0677,0.3153,0.1927,0.1242,0.0000,0.0000,0.0000,0.0000,1.0000,0.0000,0.0000,0.0000,0.0000,0.0000,0
102,1.7000,symbol-lock,0.0000,0.0000,1.0000,1.0284,-0.3178,0.4767,-0.0477,0.5562,-0.3973,0.0715,0.3973,0.4767,-0.0596,0.3020,0.1845,0.1612,0.0000,0.0000,0.0000,0.0000,1.0000,0.0000,0.0000,0.0000,0.0000,0.0000,0
103,1.7167,symbol-lock,0.0000,0.0000,1.0000,1.0248,-0.2781,0.4172,-0.0417,0.4867,-0.3477,0.0626,0.3477,0.4172,-0.0522,0.2862,0.1749,0.2050,0.0000,0.0000,0.0000,0.0000,1.0000,0.0000,0.0000,0.0000,0.0000,0.0000,0
104,1.7333,symbol-lock,0.0000,0.0000,1.0000,1.0216,-0.2419,0.3629,-0.0363,0.4233,-0.3024,0.0544,0.3024,0.3629,-0.0454,0.2678,0.1637,0.2560,0.0000,0.0000,0.0000,0.0000,1.0000,0.0000,0.0000,0.0000,0.0000,0.0000,0
105,1.7500,symbol-lock,0.0000,0.0000,1.0000,1.0187,-0.2090,0.3135,-0.0313,0.3657,-0.2612,0.0470,0.2612,0.3135,-0.0392,0.2466,0.1507,0.3149,0.0000,0.0000,0.0000,0.0000,1.0000,0.0000,0.0000,0.0000,0.0000,0.0000,0
106,1.7667,symbol-lock,0.0000,0.0000,1.0000,1.0160,-0.1792,0.2688,-0.0269,0.3135,-0.2240,0.0403,0.2240,0.2688,-0.0336,0.2224,0.1359,0.3821,0.0000,0.0000,0.0000,0.0000,1.0000,0.0000,0.0000,0.0000,0.0000,0.0000,0
107,1.7833,symbol-lock,0.0000,0.0000,1.0000,1.0136,-0.1523,0.2285,-0.0229,0.2666,-0.1904,0.0343,0.1904,0.2285,-0.0286,0.1950,0.1192,0.4584,0.0000,0.0000,0.0000,0.0000,1.0000,0.0000,0.0000,0.0000,0.0000,0.0000,0
108,1.8000,symbol-lock,0.0000,0.0000,1.0000,1.0115,-0.1283,0.1925,-0.0193,0.2246,-0.1604,0.0289,0.1604,0.1925,-0.0241,0.1650,0.1008,0.5416,0.0000,0.0000,0.0000,0.0000,1.0000,0.0000,0.0000,0.0000,0.0000,0.0000,0
109,1.8167,symbol-lock,0.0000,0.0000,1.0000,1.0096,-0.1070,0.1605,-0.0160,0.1872,-0.1337,0.0241,0.1337,0.1605,-0.0201,0.1376,0.0841,0.6179,0.0000,0.0000,0.0000,0.0000,1.0000,0.0000,0.0000,0.0000,0.0000,0.0000,0
110,1.8333,symbol-lock,0.0000,0.0000,1.0000,1.0079,-0.0882,0.1322,-0.0132,0.1543,-0.1102,0.0198,0.1102,0.1322,-0.0165,0.1134,0.0693,0.6851,0.0000,0.0000,0.0000,0.0000,1.0000,0.0000,0.0000,0.0000,0.0000,0.0000,0
111,1.8500,symbol-lock,0.0000,0.0000,1.0000,1.0064,-0.0717,0.1075,-0.0108,0.1254,-0.0896,0.0161,0.0896,0.1075,-0.0134,0.0922,0.0563,0.7440,0.0000,0.0000,0.0000,0.0000,1.0000,0.0000,0.0000,0.0000,0.0000,0.0000,0
112,1.8667,symbol-lock,0.0000,0.0000,1.0000,1.0051,-0.0574,0.0861,-0.0086,0.1004,-0.0717,0.0129,0.0717,0.0861,-0.0108,0.0738,0.0451,0.7950,0.0000,0.0000,0.0000,0.0000,1.0000,0.0000,0.0000,0.0000,0.0000,0.0000,0
113,1.8833,symbol-lock,0.0000,0.0000,1.0000,1.0040,-0.0451,0.0677,-0.0068,0.0790,-0.0564,0.0102,0.0564,0.0677,-0.0085,0.0580,0.0355,0.8388,0.0000,0.0000,0.0000,0.0000,1.0000,0.0000,0.0000,0.0000,0.0000,0.0000,0
114,1.9000,symbol-lock,0.0000,0.0000,1.0000,1.0031,-0.0348,0.0522,-0.0052,0.0608,-0.0435,0.0078,0.0435,0.0522,-0.0065,0.0447,0.0273,0.8758,0.0000,0.0000,0.0000,0.0000,1.0000,0.0000,0.0000,0.0000,0.0000,0.0000,0
115,1.9167,symbol-lock,0.0000,0.0000,1.0000,1.0023,-0.0261,0.0392,-0.0039,0.0457,-0.0327,0.0059,0.0327,0.0392,-0.0049,0.0336,0.0205,0.9067,0.0000,0.0000,0.0000,0.0000,1.0000,0.0000,0.0000,0.0000,0.0000,0.0000,0
116,1.9333,symbol-lock,0.0000,0.0000,1.0000,1.0017,-0.0190,0.0286,-0.0029,0.0333,-0.0238,0.0043,0.0238,0.0286,-0.0036,0.0245,0.0150,0.9320,0.0000,0.0000,0.0000,0.0000,1.0000,0.0000,0.0000,0.0000,0.0000,0.0000,0
117,1.9500,symbol-lock,0.0000,0.0000,1.0000,1.0012,-0.0134,0.0201,-0.0020,0.0234,-0.0167,0.0030,0.0167,0.0201,-0.0025,0.0172,0.0105,0.9522,0.0000,0.0000,0.0000,0.0000,1.0000,0.0000,0.0000,0.0000,0.0000,0.0000,0
118,1.9667,symbol-lock,0.0000,0.0000,1.0000,1.0008,-0.0090,0.0134,-0.0013,0.0157,-0.0112,0.0020,0.0112,0.0134,-0.0017,0.0115,0.0070,0.9680,0.0000,0.0000,0.0000,0.0000,1.0000,0.0000,0.0000,0.0000,0.0000,0.0000,0
119,1.9833,symbol-lock,0.0000,0.0000,1.0000,1.0005,-0.0056,0.0085,-0.0008,0.0099,-0.0071,0.0013,0.0071,0.0085,-0.0011,0.0073,0.0044,0.9798,0.0000,0.0000,0.0000,0.0000,1.0000,0.0000,0.0000,0.0000,0.0000,0.0000,0
120,2.0000,symbol-lock,0.0000,0.0000,1.0000,1.0003,-0.0033,0.0049,-0.0005,0.0057,-0.0041,0.0007,0.0041,0.0049,-0.0006,0.0042,0.0026,0.9883,0.0000,0.0000,0.0000,0.0000,1.0000,0.0000,0.0000,0.0000,0.0000,0.0000,0
121,2.0167,symbol-lock,0.0000,0.0000,1.0000,1.0001,-0.0017,0.0025,-0.0003,0.0029,-0.0021,0.0004,0.0021,0.0025,-0.0003,0.0021,0.0013,0.9940,0.0000,0.0000,0.0000,0.0000,1.0000,0.0000,0.0000,0.0000,0.0000,0.0000,0
122,2.0333,symbol-lock,0.0000,0.0000,1.0000,1.0001,-0.0007,0.0011,-0.0001,0.0012,-0.0009,0.0002,0.0009,0.0011,-0.0001,0.0009,0.0006,0.9975,0.0000,0.0000,0.0000,0.0000,1.0000,0.0000,0.0000,0.0000,0.0000,0.0000,0
123,2.0500,symbol-lock,0.0000,0.0000,1.0000,1.0000,-0.0002,0.0003,-0.0000,0.0004,-0.0003,0.0000,0.0003,0.0003,-0.0000,0.0003,0.0002,0.9993,0.0000,0.0000,0.0000,0.0000,1.0000,0.0000,0.0000,0.0000,0.0000,0.0000,0
124,2.0667,symbol-lock,0.0000,0.0000,1.0000,1.0000,-0.0000,0.0000,-0.0000,0.0000,-0.0000,0.0000,0.0000,0.0000,-0.0000,0.0000,0.0000,0.9999,0.0000,0.0000,0.0000,0.0000,1.0000,0.0000,0.0000,0.0000,0.0000,0.0000,0
125,2.0833,symbol-lock,0.0000,0.0000,1.0000,1.0000,0.0000,0.0000,0.0000,0.0000,0.0000,0.0000,0.0000,0.0000,0.0000,0.0000,0.0000,1.0000,0.0000,0.0000,0.0000,0.0000,1.0000,0.0000,0.0000,0.0000,0.0000,0.0000,0
126,2.1000,symbol-breath,0.0000,0.0000,1.0000,1.0000,0.0000,0.0000,0.0000,0.0000,0.0000,0.0000,0.0000,0.0000,0.0000,0.0000,0.0000,1.0000,0.0000,0.0000,0.0000,0.0000,1.0000,0.0000,0.0000,0.0000,0.0000,0.0000,0
127,2.1167,symbol-breath,0.0000,0.0000,1.0000,1.0000,0.0000,0.0000,0.0000,0.0000,0.0000,0.0000,0.0000,0.0000,0.0000,0.0000,0.0000,1.0000,0.0000,0.0000,0.0000,0.0000,1.0000,0.0000,0.0000,0.0000,0.0000,0.0000,0
128,2.1333,symbol-breath,0.0000,0.0000,1.0000,1.0000,0.0000,0.0000,0.0000,0.0000,0.0000,0.0000,0.0000,0.0000,0.0000,0.0000,0.0000,1.0000,0.0000,0.0000,0.0000,0.0000,1.0000,0.0000,0.0000,0.0000,0.0000,0.0000,0
129,2.1500,symbol-breath,0.0000,0.0000,1.0000,1.0000,0.0000,0.0000,0.0000,0.0000,0.0000,0.0000,0.0000,0.0000,0.0000,0.0000,0.0000,1.0000,0.0000,0.0000,0.0000,0.0000,1.0000,0.0000,0.0000,0.0000,0.0000,0.0000,0
130,2.1667,symbol-breath,0.0000,0.0000,1.0000,1.0000,0.0000,0.0000,0.0000,0.0000,0.0000,0.0000,0.0000,0.0000,0.0000,0.0000,0.0000,1.0000,0.0000,0.0000,0.0000,0.0000,1.0000,0.0000,0.0000,0.0000,0.0000,0.0000,0
131,2.1833,symbol-breath,0.0000,0.0000,1.0000,1.0000,0.0000,0.0000,0.0000,0.0000,0.0000,0.0000,0.0000,0.0000,0.0000,0.0000,0.0000,1.0000,0.0000,0.0000,0.0000,0.0000,1.0000,0.0000,0.0000,0.0000,0.0000,0.0000,0
132,2.2000,symbol-breath,0.0000,0.0000,1.0000,1.0000,0.0000,0.0000,0.0000,0.0000,0.0000,0.0000,0.0000,0.0000,0.0000,0.0000,0.0000,1.0000,0.0000,0.0000,0.0000,0.0000,1.0000,0.0000,0.0000,0.0000,0.0000,0.0000,0
133,2.2167,symbol-breath,0.0000,0.0000,1.0000,1.0000,0.0000,0.0000,0.0000,0.0000,0.0000,0.0000,0.0000,0.0000,0.0000,0.0000,0.0000,1.0000,0.0000,0.0000,0.0000,0.0000,1.0000,0.0000,0.0000,0.0000,0.0000,0.0000,0
134,2.2333,symbol-breath,0.0000,0.0000,1.0000,1.0000,0.0000,0.0000,0.0000,0.0000,0.0000,0.0000,0.0000,0.0000,0.0000,0.0000,0.0000,1.0000,0.0000,0.0000,0.0000,0.0000,1.0000,0.0000,0.0000,0.0000,0.0000,0.0000,0
135,2.2500,symbol-breath,0.0000,0.0000,1.0000,1.0000,0.0000,0.0000,0.0000,0.0000,0.0000,0.0000,0.0000,0.0000,0.0000,0.0000,0.0000,1.0000,0.0000,0.0000,0.0000,0.0000,1.0000,0.0000,0.0000,0.0000,0.0000,0.0000,0
136,2.2667,symbol-breath,0.0000,0.0000,1.0000,1.0000,0.0000,0.0000,0.0000,0.0000,0.0000,0.0000,0.0000,0.0000,0.0000,0.0000,0.0000,1.0000,0.0000,0.0000,0.0000,0.0000,1.0000,0.0000,0.0000,0.0000,0.0000,0.0000,0
137,2.2833,symbol-breath,0.0000,0.0000,1.0000,1.0000,0.0000,0.0000,0.0000,0.0000,0.0000,0.0000,0.0000,0.0000,0.0000,0.0000,0.0000,1.0000,0.0000,0.0000,0.0000,0.0000,1.0000,0.0000,0.0000,0.0000,0.0000,0.0000,0
138,2.3000,symbol-breath,0.0000,0.0000,1.0000,1.0000,0.0000,0.0000,0.0000,0.0000,0.0000,0.0000,0.0000,0.0000,0.0000,0.0000,0.0000,1.0000,0.0000,0.0000,0.0000,0.0000,1.0000,0.0000,0.0000,0.0000,0.0000,0.0000,0
139,2.3167,symbol-breath,0.0000,0.0000,1.0000,1.0000,0.0000,0.0000,0.0000,0.0000,0.0000,0.0000,0.0000,0.0000,0.0000,0.0000,0.0000,1.0000,0.0000,0.0000,0.0000,0.0000,1.0000,0.0000,0.0000,0.0000,0.0000,0.0000,0
140,2.3333,symbol-breath,0.0000,0.0000,1.0000,1.0000,0.0000,0.0000,0.0000,0.0000,0.0000,0.0000,0.0000,0.0000,0.0000,0.0000,0.0000,1.0000,0.0000,0.0000,0.0000,0.0000,1.0000,0.0000,0.0000,0.0000,0.0000,0.0000,0
141,2.3500,symbol-breath,0.0000,0.0000,1.0000,1.0000,0.0000,0.0000,0.0000,0.0000,0.0000,0.0000,0.0000,0.0000,0.0000,0.0000,0.0000,1.0000,0.0000,0.0000,0.0000,0.0000,1.0000,0.0000,0.0000,0.0000,0.0000,0.0000,0
142,2.3667,symbol-breath,0.0000,0.0000,1.0000,1.0000,0.0000,0.0000,0.0000,0.0000,0.0000,0.0000,0.0000,0.0000,0.0000,0.0000,0.0000,1.0000,0.0000,0.0000,0.0000,0.0000,1.0000,0.0000,0.0000,0.0000,0.0000,0.0000,0
143,2.3833,symbol-breath,0.0000,0.0000,1.0000,1.0000,0.0000,0.0000,0.0000,0.0000,0.0000,0.0000,0.0000,0.0000,0.0000,0.0000,0.0000,1.0000,0.0000,0.0000,0.0000,0.0000,1.0000,0.0000,0.0000,0.0000,0.0000,0.0000,0
144,2.4000,symbol-breath,0.0000,0.0000,1.0000,1.0000,0.0000,0.0000,0.0000,0.0000,0.0000,0.0000,0.0000,0.0000,0.0000,0.0000,0.0000,1.0000,0.0000,0.0000,0.0000,0.0000,1.0000,0.0000,0.0000,0.0000,0.0000,0.0000,0
145,2.4167,symbol-breath,0.0000,0.0000,1.0000,1.0000,0.0000,0.0000,0.0000,0.0000,0.0000,0.0000,0.0000,0.0000,0.0000,0.0000,0.0000,1.0000,0.0000,0.0000,0.0000,0.0000,1.0000,0.0000,0.0000,0.0000,0.0000,0.0000,0
146,2.4333,symbol-breath,0.0000,0.0000,1.0000,1.0000,0.0000,0.0000,0.0000,0.0000,0.0000,0.0000,0.0000,0.0000,0.0000,0.0000,0.0000,1.0000,0.0000,0.0000,0.0000,0.0000,1.0000,0.0000,0.0000,0.0000,0.0000,0.0000,0
147,2.4500,symbol-breath,0.0000,0.0000,1.0000,1.0000,0.0000,0.0000,0.0000,0.0000,0.0000,0.0000,0.0000,0.0000,0.0000,0.0000,0.0000,1.0000,0.0000,0.0000,0.0000,0.0000,1.0000,0.0000,0.0000,0.0000,0.0000,0.0000,0
148,2.4667,symbol-breath,0.0000,0.0000,1.0000,1.0000,0.0000,0.0000,0.0000,0.0000,0.0000,0.0000,0.0000,0.0000,0.0000,0.0000,0.0000,1.0000,0.0000,0.0000,0.0000,0.0000,1.0000,0.0000,0.0000,0.0000,0.0000,0.0000,0
149,2.4833,symbol-breath,0.0000,0.0000,1.0000,1.0000,0.0000,0.0000,0.0000,0.0000,0.0000,0.0000,0.0000,0.0000,0.0000,0.0000,0.0000,1.0000,0.0000,0.0000,0.0000,0.0000,1.0000,0.0000,0.0000,0.0000,0.0000,0.0000,0
150,2.5000,wordmark-reveal,0.0000,0.0000,1.0000,1.0000,0.0000,0.0000,0.0000,0.0000,0.0000,0.0000,0.0000,0.0000,0.0000,0.0000,0.0000,1.0000,0.0000,0.0000,0.0000,0.0000,1.0000,0.0000,0.0000,0.0000,0.0000,0.0000,0
151,2.5167,wordmark-reveal,0.0000,0.0000,1.0000,1.0000,0.0000,0.0000,0.0000,0.0000,0.0000,0.0000,0.0000,0.0000,0.0000,0.0000,0.0000,1.0000,0.0001,0.0000,0.0000,0.0000,1.0000,0.0000,0.0000,0.0000,0.0000,0.0000,0
152,2.5333,wordmark-reveal,0.0000,0.0000,1.0000,1.0000,0.0000,0.0000,0.0000,0.0000,0.0000,0.0000,0.0000,0.0000,0.0000,0.0000,0.0000,1.0000,0.0005,0.0003,0.0003,0.0000,1.0000,0.0000,0.0000,0.0000,0.0000,0.0000,0
153,2.5500,wordmark-reveal,0.0000,0.0000,1.0000,1.0000,0.0000,0.0000,0.0000,0.0000,0.0000,0.0000,0.0000,0.0000,0.0000,0.0000,0.0000,1.0000,0.0017,0.0010,0.0010,0.0000,1.0000,0.0000,0.0000,0.0000,0.0000,0.0000,0
154,2.5667,wordmark-reveal,0.0000,0.0000,1.0000,1.0000,0.0000,0.0000,0.0000,0.0000,0.0000,0.0000,0.0000,0.0000,0.0000,0.0000,0.0000,1.0000,0.0040,0.0025,0.0025,0.0000,1.0000,0.0000,0.0000,0.0000,0.0000,0.0000,0
155,2.5833,wordmark-reveal,0.0000,0.0000,1.0000,1.0000,0.0000,0.0000,0.0000,0.0000,0.0000,0.0000,0.0000,0.0000,0.0000,0.0000,0.0000,1.0000,0.0078,0.0048,0.0048,0.0000,1.0000,0.0000,0.0000,0.0000,0.0000,0.0000,0
156,2.6000,wordmark-reveal,0.0000,0.0000,1.0000,1.0000,0.0000,0.0000,0.0000,0.0000,0.0000,0.0000,0.0000,0.0000,0.0000,0.0000,0.0000,1.0000,0.0135,0.0083,0.0083,0.0000,1.0000,0.0000,0.0000,0.0000,0.0000,0.0000,0
157,2.6167,wordmark-reveal,0.0000,0.0000,1.0000,1.0000,0.0000,0.0000,0.0000,0.0000,0.0000,0.0000,0.0000,0.0000,0.0000,0.0000,0.0000,1.0000,0.0214,0.0132,0.0132,0.0000,1.0000,0.0000,0.0000,0.0000,0.0000,0.0000,0
158,2.6333,wordmark-reveal,0.0000,0.0000,1.0000,1.0000,0.0000,0.0000,0.0000,0.0000,0.0000,0.0000,0.0000,0.0000,0.0000,0.0000,0.0000,1.0000,0.0320,0.0197,0.0197,0.0000,1.0000,0.0000,0.0000,0.0000,0.0000,0.0000,0
159,2.6500,wordmark-reveal,0.0000,0.0000,1.0000,1.0000,0.0000,0.0000,0.0000,0.0000,0.0000,0.0000,0.0000,0.0000,0.0000,0.0000,0.0000,1.0000,0.0456,0.0281,0.0281,0.0000,1.0000,0.0000,0.0000,0.0000,0.0000,0.0000,0
160,2.6667,wordmark-reveal,0.0000,0.0000,1.0000,1.0000,0.0000,0.0000,0.0000,0.0000,0.0000,0.0000,0.0000,0.0000,0.0000,0.0000,0.0000,1.0000,0.0625,0.0385,0.0385,0.0000,1.0000,0.0000,0.0000,0.0000,0.0000,0.0000,0
161,2.6833,wordmark-reveal,0.0000,0.0000,1.0000,1.0000,0.0000,0.0000,0.0000,0.0000,0.0000,0.0000,0.0000,0.0000,0.0000,0.0000,0.0000,1.0000,0.0832,0.0513,0.0513,0.0000,1.0000,0.0000,0.0000,0.0000,0.0000,0.0000,0
162,2.7000,wordmark-reveal,0.0000,0.0000,1.0000,1.0000,0.0000,0.0000,0.0000,0.0000,0.0000,0.0000,0.0000,0.0000,0.0000,0.0000,0.0000,1.0000,0.1080,0.0666,0.0666,0.0000,1.0000,0.0000,0.0000,0.0000,0.0000,0.0000,0
163,2.7167,wordmark-reveal,0.0000,0.0000,1.0000,1.0000,0.0000,0.0000,0.0000,0.0000,0.0000,0.0000,0.0000,0.0000,0.0000,0.0000,0.0000,1.0000,0.1373,0.0846,0.0846,0.0000,1.0000,0.0000,0.0000,0.0000,0.0000,0.0000,0
164,2.7333,wordmark-reveal,0.0000,0.0000,1.0000,1.0000,0.0000,0.0000,0.0000,0.0000,0.0000,0.0000,0.0000,0.0000,0.0000,0.0000,0.0000,1.0000,0.1715,0.1057,0.1057,0.0000,1.0000,0.0000,0.0000,0.0000,0.0000,0.0000,0
165,2.7500,wordmark-reveal,0.0000,0.0000,1.0000,1.0000,0.0000,0.0000,0.0000,0.0000,0.0000,0.0000,0.0000,0.0000,0.0000,0.0000,0.0000,1.0000,0.2109,0.1300,0.1300,0.0000,1.0000,0.0000,0.0000,0.0000,0.0000,0.0000,0
166,2.7667,wordmark-reveal,0.0000,0.0000,1.0000,1.0000,0.0000,0.0000,0.0000,0.0000,0.0000,0.0000,0.0000,0.0000,0.0000,0.0000,0.0000,1.0000,0.2560,0.1578,0.1578,0.0000,1.0000,0.0000,0.0000,0.0000,0.0000,0.0000,0
167,2.7833,wordmark-reveal,0.0000,0.0000,1.0000,1.0000,0.0000,0.0000,0.0000,0.0000,0.0000,0.0000,0.0000,0.0000,0.0000,0.0000,0.0000,1.0000,0.3071,0.1893,0.1893,0.0000,1.0000,0.0000,0.0000,0.0000,0.0000,0.0000,0
168,2.8000,wordmark-reveal,0.0000,0.0000,1.0000,1.0000,0.0000,0.0000,0.0000,0.0000,0.0000,0.0000,0.0000,0.0000,0.0000,0.0000,0.0000,1.0000,0.3645,0.2247,0.2247,0.0000,1.0000,0.0000,0.0000,0.0000,0.0000,0.0000,0
169,2.8167,wordmark-reveal,0.0000,0.0000,1.0000,1.0000,0.0000,0.0000,0.0000,0.0000,0.0000,0.0000,0.0000,0.0000,0.0000,0.0000,0.0000,1.0000,0.4287,0.2643,0.2643,0.0000,1.0000,0.0000,0.0000,0.0000,0.0000,0.0000,0
170,2.8333,wordmark-reveal,0.0000,0.0000,1.0000,1.0000,0.0000,0.0000,0.0000,0.0000,0.0000,0.0000,0.0000,0.0000,0.0000,0.0000,0.0000,1.0000,0.5000,0.3082,0.3082,0.0000,1.0000,0.0000,0.0000,0.0000,0.0000,0.0000,0
171,2.8500,wordmark-reveal,0.0000,0.0000,1.0000,1.0000,0.0000,0.0000,0.0000,0.0000,0.0000,0.0000,0.0000,0.0000,0.0000,0.0000,0.0000,1.0000,0.5713,0.3568,0.3568,0.0000,1.0000,0.0000,0.0000,0.0000,0.0000,0.0000,0
172,2.8667,wordmark-reveal,0.0000,0.0000,1.0000,1.0000,0.0000,0.0000,0.0000,0.0000,0.0000,0.0000,0.0000,0.0000,0.0000,0.0000,0.0000,1.0000,0.6355,0.4102,0.4102,0.0000,1.0000,0.0000,0.0000,0.0000,0.0000,0.0000,0
173,2.8833,wordmark-reveal,0.0000,0.0000,1.0000,1.0000,0.0000,0.0000,0.0000,0.0000,0.0000,0.0000,0.0000,0.0000,0.0000,0.0000,0.0000,1.0000,0.6929,0.4688,0.4688,0.0000,1.0000,0.0000,0.0000,0.0000,0.0000,0.0000,0
174,2.9000,wordmark-reveal,0.0000,0.0000,1.0000,1.0000,0.0000,0.0000,0.0000,0.0000,0.0000,0.0000,0.0000,0.0000,0.0000,0.0000,0.0000,1.0000,0.7440,0.5312,0.5312,0.0000,1.0000,0.0000,0.0000,0.0000,0.0000,0.0000,0
175,2.9167,wordmark-reveal,0.0000,0.0000,1.0000,1.0000,0.0000,0.0000,0.0000,0.0000,0.0000,0.0000,0.0000,0.0000,0.0000,0.0000,0.0000,1.0000,0.7891,0.5898,0.5898,0.0000,1.0000,0.0000,0.0000,0.0000,0.0000,0.0000,0
176,2.9333,wordmark-reveal,0.0000,0.0000,1.0000,1.0000,0.0000,0.0000,0.0000,0.0000,0.0000,0.0000,0.0000,0.0000,0.0000,0.0000,0.0000,1.0000,0.8285,0.6432,0.6432,0.0000,1.0000,0.0000,0.0000,0.0000,0.0000,0.0000,0
177,2.9500,wordmark-reveal,0.0000,0.0000,1.0000,1.0000,0.0000,0.0000,0.0000,0.0000,0.0000,0.0000,0.0000,0.0000,0.0000,0.0000,0.0000,1.0000,0.8627,0.6918,0.6918,0.0000,1.0000,0.0000,0.0000,0.0000,0.0000,0.0000,0
178,2.9667,wordmark-reveal,0.0000,0.0000,1.0000,1.0000,0.0000,0.0000,0.0000,0.0000,0.0000,0.0000,0.0000,0.0000,0.0000,0.0000,0.0000,1.0000,0.8920,0.7357,0.7357,0.0000,1.0000,0.0000,0.0000,0.0000,0.0000,0.0000,0
179,2.9833,wordmark-reveal,0.0000,0.0000,1.0000,1.0000,0.0000,0.0000,0.0000,0.0000,0.0000,0.0000,0.0000,0.0000,0.0000,0.0000,0.0000,1.0000,0.9168,0.7753,0.7753,0.0000,1.0000,0.0000,0.0000,0.0000,0.0000,0.0000,0
180,3.0000,wordmark-reveal,0.0000,0.0000,1.0000,1.0000,0.0000,0.0000,0.0000,0.0000,0.0000,0.0000,0.0000,0.0000,0.0000,0.0000,0.0000,1.0000,0.9375,0.8107,0.8107,0.0000,1.0000,0.0000,0.0000,0.0000,0.0000,0.0000,0
181,3.0167,wordmark-reveal,0.0000,0.0000,1.0000,1.0000,0.0000,0.0000,0.0000,0.0000,0.0000,0.0000,0.0000,0.0000,0.0000,0.0000,0.0000,1.0000,0.9544,0.8422,0.8422,0.0000,1.0000,0.0000,0.0000,0.0000,0.0000,0.0000,0
182,3.0333,wordmark-reveal,0.0000,0.0000,1.0000,1.0000,0.0000,0.0000,0.0000,0.0000,0.0000,0.0000,0.0000,0.0000,0.0000,0.0000,0.0000,1.0000,0.9680,0.8700,0.8700,0.0000,1.0000,0.0000,0.0000,0.0000,0.0000,0.0000,0
183,3.0500,wordmark-reveal,0.0000,0.0000,1.0000,1.0000,0.0000,0.0000,0.0000,0.0000,0.0000,0.0000,0.0000,0.0000,0.0000,0.0000,0.0000,1.0000,0.9786,0.8943,0.8943,0.0000,1.0000,0.0000,0.0000,0.0000,0.0000,0.0000,0
184,3.0667,wordmark-reveal,0.0000,0.0000,1.0000,1.0000,0.0000,0.0000,0.0000,0.0000,0.0000,0.0000,0.0000,0.0000,0.0000,0.0000,0.0000,1.0000,0.9865,0.9154,0.9154,0.0000,1.0000,0.0000,0.0000,0.0000,0.0000,0.0000,0
185,3.0833,wordmark-reveal,0.0000,0.0000,1.0000,1.0000,0.0000,0.0000,0.0000,0.0000,0.0000,0.0000,0.0000,0.0000,0.0000,0.0000,0.0000,1.0000,0.9922,0.9334,0.9334,0.0000,1.0000,0.0000,0.0000,0.0000,0.0000,0.0000,0
186,3.1000,wordmark-reveal,0.0000,0.0000,1.0000,1.0000,0.0000,0.0000,0.0000,0.0000,0.0000,0.0000,0.0000,0.0000,0.0000,0.0000,0.0000,1.0000,0.9960,0.9487,0.9487,0.0000,1.0000,0.0000,0.0000,0.0000,0.0000,0.0000,0
187,3.1167,wordmark-reveal,0.0000,0.0000,1.0000,1.0000,0.0000,0.0000,0.0000,0.0000,0.0000,0.0000,0.0000,0.0000,0.0000,0.0000,0.0000,1.0000,0.9983,0.9615,0.9615,0.0000,1.0000,0.0000,0.0000,0.0000,0.0000,0.0000,0
188,3.1333,wordmark-reveal,0.0000,0.0000,1.0000,1.0000,0.0000,0.0000,0.0000,0.0000,0.0000,0.0000,0.0000,0.0000,0.0000,0.0000,0.0000,1.0000,0.9995,0.9719,0.9719,0.0000,1.0000,0.0000,0.0000,0.0000,0.0000,0.0000,0
189,3.1500,wordmark-reveal,0.0000,0.0000,1.0000,1.0000,0.0000,0.0000,0.0000,0.0000,0.0000,0.0000,0.0000,0.0000,0.0000,0.0000,0.0000,1.0000,0.9999,0.9803,0.9803,0.0000,1.0000,0.0000,0.0000,0.0000,0.0000,0.0000,0
190,3.1667,wordmark-reveal,0.0000,0.0000,1.0000,1.0000,0.0000,0.0000,0.0000,0.0000,0.0000,0.0000,0.0000,0.0000,0.0000,0.0000,0.0000,1.0000,1.0000,0.9868,0.9868,0.0000,1.0000,0.0000,0.0000,0.0000,0.0000,0.0000,0
191,3.1833,wordmark-reveal,0.0000,0.0000,1.0000,1.0000,0.0000,0.0000,0.0000,0.0000,0.0000,0.0000,0.0000,0.0000,0.0000,0.0000,0.0000,1.0000,1.0000,0.9917,0.9917,0.0000,1.0000,0.0000,0.0000,0.0000,0.0000,0.0000,0
192,3.2000,wordmark-reveal,0.0000,0.0000,1.0000,1.0000,0.0000,0.0000,0.0000,0.0000,0.0000,0.0000,0.0000,0.0000,0.0000,0.0000,0.0000,1.0000,1.0000,0.9952,0.9952,0.0000,1.0000,0.0000,0.0000,0.0000,0.0000,0.0000,0
193,3.2167,wordmark-reveal,0.0000,0.0000,1.0000,1.0000,0.0000,0.0000,0.0000,0.0000,0.0000,0.0000,0.0000,0.0000,0.0000,0.0000,0.0000,1.0000,1.0000,0.9975,0.9975,0.0000,1.0000,0.0000,0.0000,0.0000,0.0000,0.0000,0
194,3.2333,wordmark-reveal,0.0000,0.0000,1.0000,1.0000,0.0000,0.0000,0.0000,0.0000,0.0000,0.0000,0.0000,0.0000,0.0000,0.0000,0.0000,1.0000,1.0000,0.9990,0.9990,0.0000,1.0000,0.0000,0.0000,0.0000,0.0000,0.0000,0
195,3.2500,wordmark-reveal,0.0000,0.0000,1.0000,1.0000,0.0000,0.0000,0.0000,0.0000,0.0000,0.0000,0.0000,0.0000,0.0000,0.0000,0.0000,1.0000,1.0000,0.9997,0.9997,0.0000,1.0000,0.0000,0.0000,0.0000,0.0000,0.0000,0
196,3.2667,wordmark-reveal,0.0000,0.0000,1.0000,1.0000,0.0000,0.0000,0.0000,0.0000,0.0000,0.0000,0.0000,0.0000,0.0000,0.0000,0.0000,1.0000,1.0000,1.0000,1.0000,0.0000,1.0000,0.0000,0.0000,0.0000,0.0000,0.0000,0
197,3.2833,wordmark-reveal,0.0000,0.0000,1.0000,1.0000,0.0000,0.0000,0.0000,0.0000,0.0000,0.0000,0.0000,0.0000,0.0000,0.0000,0.0000,1.0000,1.0000,1.0000,1.0000,0.0000,1.0000,0.0000,0.0000,0.0000,0.0000,0.0000,0
198,3.3000,final-hold,0.0000,0.0000,1.0000,1.0000,0.0000,0.0000,0.0000,0.0000,0.0000,0.0000,0.0000,0.0000,0.0000,0.0000,0.0000,1.0000,1.0000,1.0000,1.0000,0.0000,1.0000,0.0000,0.0000,0.0000,0.0000,0.0000,0
199,3.3167,final-hold,0.0000,0.0000,1.0000,1.0000,0.0000,0.0000,0.0000,0.0000,0.0000,0.0000,0.0000,0.0000,0.0000,0.0000,0.0000,1.0000,1.0000,1.0000,1.0000,0.0000,1.0000,0.0000,0.0000,0.0000,0.0000,0.0000,0
200,3.3333,final-hold,0.0000,0.0000,1.0000,1.0000,0.0000,0.0000,0.0000,0.0000,0.0000,0.0000,0.0000,0.0000,0.0000,0.0000,0.0000,1.0000,1.0000,1.0000,1.0000,0.0000,1.0000,0.0000,0.0000,0.0000,0.0000,0.0000,0
201,3.3500,final-hold,0.0000,0.0000,1.0000,1.0000,0.0000,0.0000,0.0000,0.0000,0.0000,0.0000,0.0000,0.0000,0.0000,0.0000,0.0000,1.0000,1.0000,1.0000,1.0000,0.0000,1.0000,0.0000,0.0000,0.0000,0.0000,0.0000,0
202,3.3667,final-hold,0.0000,0.0000,1.0000,1.0000,0.0000,0.0000,0.0000,0.0000,0.0000,0.0000,0.0000,0.0000,0.0000,0.0000,0.0000,1.0000,1.0000,1.0000,1.0000,0.0000,1.0000,0.0000,0.0000,0.0000,0.0000,0.0000,0
203,3.3833,final-hold,0.0000,0.0000,1.0000,1.0000,0.0000,0.0000,0.0000,0.0000,0.0000,0.0000,0.0000,0.0000,0.0000,0.0000,0.0000,1.0000,1.0000,1.0000,1.0000,0.0000,1.0000,0.0000,0.0000,0.0000,0.0000,0.0000,0
204,3.4000,final-hold,0.0000,0.0000,1.0000,1.0000,0.0000,0.0000,0.0000,0.0000,0.0000,0.0000,0.0000,0.0000,0.0000,0.0000,0.0000,1.0000,1.0000,1.0000,1.0000,0.0000,1.0000,0.0000,0.0000,0.0000,0.0000,0.0000,0
205,3.4167,final-hold,0.0000,0.0000,1.0000,1.0000,0.0000,0.0000,0.0000,0.0000,0.0000,0.0000,0.0000,0.0000,0.0000,0.0000,0.0000,1.0000,1.0000,1.0000,1.0000,0.0000,1.0000,0.0000,0.0000,0.0000,0.0000,0.0000,0
206,3.4333,final-hold,0.0000,0.0000,1.0000,1.0000,0.0000,0.0000,0.0000,0.0000,0.0000,0.0000,0.0000,0.0000,0.0000,0.0000,0.0000,1.0000,1.0000,1.0000,1.0000,0.0000,1.0000,0.0000,0.0000,0.0000,0.0000,0.0000,0
207,3.4500,final-hold,0.0000,0.0000,1.0000,1.0000,0.0000,0.0000,0.0000,0.0000,0.0000,0.0000,0.0000,0.0000,0.0000,0.0000,0.0000,1.0000,1.0000,1.0000,1.0000,0.0000,1.0000,0.0000,0.0000,0.0000,0.0000,0.0000,0
208,3.4667,final-hold,0.0000,0.0000,1.0000,1.0000,0.0000,0.0000,0.0000,0.0000,0.0000,0.0000,0.0000,0.0000,0.0000,0.0000,0.0000,1.0000,1.0000,1.0000,1.0000,0.0000,1.0000,0.0000,0.0000,0.0000,0.0000,0.0000,0
209,3.4833,final-hold,0.0000,0.0000,1.0000,1.0000,0.0000,0.0000,0.0000,0.0000,0.0000,0.0000,0.0000,0.0000,0.0000,0.0000,0.0000,1.0000,1.0000,1.0000,1.0000,0.0000,1.0000,0.0000,0.0000,0.0000,0.0000,0.0000,0
210,3.5000,final-hold,0.0000,0.0000,1.0000,1.0000,0.0000,0.0000,0.0000,0.0000,0.0000,0.0000,0.0000,0.0000,0.0000,0.0000,0.0000,1.0000,1.0000,1.0000,1.0000,0.0000,1.0000,0.0000,0.0000,0.0000,0.0000,0.0000,0
211,3.5167,final-hold,0.0000,0.0000,1.0000,1.0000,0.0000,0.0000,0.0000,0.0000,0.0000,0.0000,0.0000,0.0000,0.0000,0.0000,0.0000,1.0000,1.0000,1.0000,1.0000,0.0000,1.0000,0.0000,0.0000,0.0000,0.0000,0.0000,0
212,3.5333,final-hold,0.0000,0.0000,1.0000,1.0000,0.0000,0.0000,0.0000,0.0000,0.0000,0.0000,0.0000,0.0000,0.0000,0.0000,0.0000,1.0000,1.0000,1.0000,1.0000,0.0000,1.0000,0.0000,0.0000,0.0000,0.0000,0.0000,0
213,3.5500,final-hold,0.0000,0.0000,1.0000,1.0000,0.0000,0.0000,0.0000,0.0000,0.0000,0.0000,0.0000,0.0000,0.0000,0.0000,0.0000,1.0000,1.0000,1.0000,1.0000,0.0000,1.0000,0.0000,0.0000,0.0000,0.0000,0.0000,0
214,3.5667,final-hold,0.0000,0.0000,1.0000,1.0000,0.0000,0.0000,0.0000,0.0000,0.0000,0.0000,0.0000,0.0000,0.0000,0.0000,0.0000,1.0000,1.0000,1.0000,1.0000,0.0000,1.0000,0.0000,0.0000,0.0000,0.0000,0.0000,0
215,3.5833,final-hold,0.0000,0.0000,1.0000,1.0000,0.0000,0.0000,0.0000,0.0000,0.0000,0.0000,0.0000,0.0000,0.0000,0.0000,0.0000,1.0000,1.0000,1.0000,1.0000,0.0000,1.0000,0.0000,0.0000,0.0000,0.0000,0.0000,0
216,3.6000,final-hold,0.0000,0.0000,1.0000,1.0000,0.0000,0.0000,0.0000,0.0000,0.0000,0.0000,0.0000,0.0000,0.0000,0.0000,0.0000,1.0000,1.0000,1.0000,1.0000,0.0000,1.0000,0.0000,0.0000,0.0000,0.0000,0.0000,0
217,3.6167,final-hold,0.0000,0.0000,1.0000,1.0000,0.0000,0.0000,0.0000,0.0000,0.0000,0.0000,0.0000,0.0000,0.0000,0.0000,0.0000,1.0000,1.0000,1.0000,1.0000,0.0000,1.0000,0.0000,0.0000,0.0000,0.0000,0.0000,0
218,3.6333,final-hold,0.0000,0.0000,1.0000,1.0000,0.0000,0.0000,0.0000,0.0000,0.0000,0.0000,0.0000,0.0000,0.0000,0.0000,0.0000,1.0000,1.0000,1.0000,1.0000,0.0000,1.0000,0.0000,0.0000,0.0000,0.0000,0.0000,0
219,3.6500,final-hold,0.0000,0.0000,1.0000,1.0000,0.0000,0.0000,0.0000,0.0000,0.0000,0.0000,0.0000,0.0000,0.0000,0.0000,0.0000,1.0000,1.0000,1.0000,1.0000,0.0000,1.0000,0.0000,0.0000,0.0000,0.0000,0.0000,0
220,3.6667,final-hold,0.0000,0.0000,1.0000,1.0000,0.0000,0.0000,0.0000,0.0000,0.0000,0.0000,0.0000,0.0000,0.0000,0.0000,0.0000,1.0000,1.0000,1.0000,1.0000,0.0000,1.0000,0.0000,0.0000,0.0000,0.0000,0.0000,0
221,3.6833,final-hold,0.0000,0.0000,1.0000,1.0000,0.0000,0.0000,0.0000,0.0000,0.0000,0.0000,0.0000,0.0000,0.0000,0.0000,0.0000,1.0000,1.0000,1.0000,1.0000,0.0000,1.0000,0.0000,0.0000,0.0000,0.0000,0.0000,0
222,3.7000,final-hold,0.0000,0.0000,1.0000,1.0000,0.0000,0.0000,0.0000,0.0000,0.0000,0.0000,0.0000,0.0000,0.0000,0.0000,0.0000,1.0000,1.0000,1.0000,1.0000,0.0000,1.0000,0.0000,0.0000,0.0000,0.0000,0.0000,0
223,3.7167,final-hold,0.0000,0.0000,1.0000,1.0000,0.0000,0.0000,0.0000,0.0000,0.0000,0.0000,0.0000,0.0000,0.0000,0.0000,0.0000,1.0000,1.0000,1.0000,1.0000,0.0000,1.0000,0.0000,0.0000,0.0000,0.0000,0.0000,0
224,3.7333,final-hold,0.0000,0.0000,1.0000,1.0000,0.0000,0.0000,0.0000,0.0000,0.0000,0.0000,0.0000,0.0000,0.0000,0.0000,0.0000,1.0000,1.0000,1.0000,1.0000,0.0000,1.0000,0.0000,0.0000,0.0000,0.0000,0.0000,0
225,3.7500,final-hold,0.0000,0.0000,1.0000,1.0000,0.0000,0.0000,0.0000,0.0000,0.0000,0.0000,0.0000,0.0000,0.0000,0.0000,0.0000,1.0000,1.0000,1.0000,1.0000,0.0000,1.0000,0.0000,0.0000,0.0000,0.0000,0.0000,0
226,3.7667,final-hold,0.0000,0.0000,1.0000,1.0000,0.0000,0.0000,0.0000,0.0000,0.0000,0.0000,0.0000,0.0000,0.0000,0.0000,0.0000,1.0000,1.0000,1.0000,1.0000,0.0000,1.0000,0.0000,0.0000,0.0000,0.0000,0.0000,0
227,3.7833,final-hold,0.0000,0.0000,1.0000,1.0000,0.0000,0.0000,0.0000,0.0000,0.0000,0.0000,0.0000,0.0000,0.0000,0.0000,0.0000,1.0000,1.0000,1.0000,1.0000,0.0000,1.0000,0.0000,0.0000,0.0000,0.0000,0.0000,0
228,3.8000,final-hold,0.0000,0.0000,1.0000,1.0000,0.0000,0.0000,0.0000,0.0000,0.0000,0.0000,0.0000,0.0000,0.0000,0.0000,0.0000,1.0000,1.0000,1.0000,1.0000,0.0000,1.0000,0.0000,0.0000,0.0000,0.0000,0.0000,0
229,3.8167,final-hold,0.0000,0.0000,1.0000,1.0000,0.0000,0.0000,0.0000,0.0000,0.0000,0.0000,0.0000,0.0000,0.0000,0.0000,0.0000,1.0000,1.0000,1.0000,1.0000,0.0000,1.0000,0.0000,0.0000,0.0000,0.0000,0.0000,0
230,3.8333,final-hold,0.0000,0.0000,1.0000,1.0000,0.0000,0.0000,0.0000,0.0000,0.0000,0.0000,0.0000,0.0000,0.0000,0.0000,0.0000,1.0000,1.0000,1.0000,1.0000,0.0000,1.0000,0.0000,0.0000,0.0000,0.0000,0.0000,0
231,3.8500,final-hold,0.0000,0.0000,1.0000,1.0000,0.0000,0.0000,0.0000,0.0000,0.0000,0.0000,0.0000,0.0000,0.0000,0.0000,0.0000,1.0000,1.0000,1.0000,1.0000,0.0000,1.0000,0.0000,0.0000,0.0000,0.0000,0.0000,0
232,3.8667,final-hold,0.0000,0.0000,1.0000,1.0000,0.0000,0.0000,0.0000,0.0000,0.0000,0.0000,0.0000,0.0000,0.0000,0.0000,0.0000,1.0000,1.0000,1.0000,1.0000,0.0000,1.0000,0.0000,0.0000,0.0000,0.0000,0.0000,0
233,3.8833,final-hold,0.0000,0.0000,1.0000,1.0000,0.0000,0.0000,0.0000,0.0000,0.0000,0.0000,0.0000,0.0000,0.0000,0.0000,0.0000,1.0000,1.0000,1.0000,1.0000,0.0000,1.0000,0.0000,0.0000,0.0000,0.0000,0.0000,0
234,3.9000,final-hold,0.0000,0.0000,1.0000,1.0000,0.0000,0.0000,0.0000,0.0000,0.0000,0.0000,0.0000,0.0000,0.0000,0.0000,0.0000,1.0000,1.0000,1.0000,1.0000,0.0000,1.0000,0.0000,0.0000,0.0000,0.0000,0.0000,0
235,3.9167,final-hold,0.0000,0.0000,1.0000,1.0000,0.0000,0.0000,0.0000,0.0000,0.0000,0.0000,0.0000,0.0000,0.0000,0.0000,0.0000,1.0000,1.0000,1.0000,1.0000,0.0000,1.0000,0.0000,0.0000,0.0000,0.0000,0.0000,0
236,3.9333,final-hold,0.0000,0.0000,1.0000,1.0000,0.0000,0.0000,0.0000,0.0000,0.0000,0.0000,0.0000,0.0000,0.0000,0.0000,0.0000,1.0000,1.0000,1.0000,1.0000,0.0000,1.0000,0.0000,0.0000,0.0000,0.0000,0.0000,0
237,3.9500,final-hold,0.0000,0.0000,1.0000,1.0000,0.0000,0.0000,0.0000,0.0000,0.0000,0.0000,0.0000,0.0000,0.0000,0.0000,0.0000,1.0000,1.0000,1.0000,1.0000,0.0000,1.0000,0.0000,0.0000,0.0000,0.0000,0.0000,0
238,3.9667,final-hold,0.0000,0.0000,1.0000,1.0000,0.0000,0.0000,0.0000,0.0000,0.0000,0.0000,0.0000,0.0000,0.0000,0.0000,0.0000,1.0000,1.0000,1.0000,1.0000,0.0000,1.0000,0.0000,0.0000,0.0000,0.0000,0.0000,0
239,3.9833,final-hold,0.0000,0.0000,1.0000,1.0000,0.0000,0.0000,0.0000,0.0000,0.0000,0.0000,0.0000,0.0000,0.0000,0.0000,0.0000,1.0000,1.0000,1.0000,1.0000,0.0000,1.0000,0.0000,0.0000,0.0000,0.0000,0.0000,0
240,4.0000,final-hold,0.0000,0.0000,1.0000,1.0000,0.0000,0.0000,0.0000,0.0000,0.0000,0.0000,0.0000,0.0000,0.0000,0.0000,0.0000,1.0000,1.0000,1.0000,1.0000,0.0000,1.0000,0.0000,0.0000,0.0000,0.0000,0.0000,0
241,4.0167,final-hold,0.0000,0.0000,1.0000,1.0000,0.0000,0.0000,0.0000,0.0000,0.0000,0.0000,0.0000,0.0000,0.0000,0.0000,0.0000,1.0000,1.0000,1.0000,1.0000,0.0000,1.0000,0.0000,0.0000,0.0000,0.0000,0.0000,0
242,4.0333,final-hold,0.0000,0.0000,1.0000,1.0000,0.0000,0.0000,0.0000,0.0000,0.0000,0.0000,0.0000,0.0000,0.0000,0.0000,0.0000,1.0000,1.0000,1.0000,1.0000,0.0000,1.0000,0.0000,0.0000,0.0000,0.0000,0.0000,0
243,4.0500,handoff,0.0000,0.0000,1.0000,1.0000,0.0000,0.0000,0.0000,0.0000,0.0000,0.0000,0.0000,0.0000,0.0000,0.0000,0.0000,1.0000,1.0000,1.0000,1.0000,0.0000,1.0000,0.0000,0.0000,0.0000,0.0000,0.0000,0
244,4.0667,handoff,0.0000,0.0000,1.0000,1.0000,0.0000,0.0000,0.0000,0.0000,0.0000,0.0000,0.0000,0.0000,0.0000,0.0000,0.0000,1.0000,1.0000,1.0000,0.9988,0.0001,1.0000,0.0000,0.0000,0.0000,0.0000,0.0000,0
245,4.0833,handoff,0.0000,0.0000,1.0000,1.0000,0.0000,0.0000,0.0000,0.0000,0.0000,0.0000,0.0000,0.0000,0.0000,0.0000,0.0000,1.0000,1.0000,1.0000,0.9905,0.0004,1.0000,0.0000,0.0000,0.0000,0.0000,0.0000,0
246,4.1000,handoff,0.0000,0.0000,1.0000,1.0000,0.0000,0.0000,0.0000,0.0000,0.0000,0.0000,0.0000,0.0000,0.0000,0.0000,0.0000,1.0000,1.0000,1.0000,0.9680,0.0015,1.0000,0.0000,0.0000,0.0000,0.0000,0.0000,0
247,4.1167,handoff,0.0000,0.0000,1.0000,1.0000,0.0000,0.0000,0.0000,0.0000,0.0000,0.0000,0.0000,0.0000,0.0000,0.0000,0.0000,1.0000,1.0000,1.0000,0.9241,0.0035,1.0000,0.0000,0.0000,0.0000,0.0000,0.0000,0
248,4.1333,handoff,0.0000,0.0000,1.0000,1.0000,0.0000,0.0000,0.0000,0.0000,0.0000,0.0000,0.0000,0.0000,0.0000,0.0000,0.0000,1.0000,1.0000,1.0000,0.8519,0.0067,1.0000,0.0000,0.0000,0.0000,0.0000,0.0000,0
249,4.1500,handoff,0.0000,0.0000,1.0000,1.0000,0.0000,0.0000,0.0000,0.0000,0.0000,0.0000,0.0000,0.0000,0.0000,0.0000,0.0000,1.0000,1.0000,1.0000,0.7440,0.0117,1.0000,0.0000,0.0000,0.0000,0.0000,0.0000,0
250,4.1667,handoff,0.0000,0.0000,1.0000,1.0000,0.0000,0.0000,0.0000,0.0000,0.0000,0.0000,0.0000,0.0000,0.0000,0.0000,0.0000,1.0000,1.0000,1.0000,0.5935,0.0185,1.0000,0.0000,0.0000,0.0000,0.0000,0.0000,0
251,4.1833,handoff,0.0000,0.0000,1.0000,1.0000,0.0000,0.0000,0.0000,0.0000,0.0000,0.0000,0.0000,0.0000,0.0000,0.0000,0.0000,1.0000,1.0000,1.0000,0.4065,0.0276,1.0000,0.0000,0.0000,0.0000,0.0000,0.0000,0
252,4.2000,handoff,0.0000,0.0000,1.0000,1.0000,0.0000,0.0000,0.0000,0.0000,0.0000,0.0000,0.0000,0.0000,0.0000,0.0000,0.0000,1.0000,1.0000,1.0000,0.2560,0.0394,1.0000,0.0000,0.0000,0.0000,0.0000,0.0000,0
253,4.2167,handoff,0.0000,0.0000,1.0000,1.0000,0.0000,0.0000,0.0000,0.0000,0.0000,0.0000,0.0000,0.0000,0.0000,0.0000,0.0000,1.0000,1.0000,1.0000,0.1481,0.0540,1.0000,0.0000,0.0000,0.0000,0.0000,0.0000,0
254,4.2333,handoff,0.0000,0.0000,1.0000,1.0000,0.0000,0.0000,0.0000,0.0000,0.0000,0.0000,0.0000,0.0000,0.0000,0.0000,0.0000,1.0000,1.0000,1.0000,0.0759,0.0719,1.0000,0.0000,0.0000,0.0000,0.0000,0.0000,0
255,4.2500,handoff,0.0000,0.0000,1.0000,1.0000,0.0000,0.0000,0.0000,0.0000,0.0000,0.0000,0.0000,0.0000,0.0000,0.0000,0.0000,1.0000,1.0000,1.0000,0.0320,0.0933,1.0000,0.0000,0.0000,0.0000,0.0000,0.0000,0
256,4.2667,handoff,0.0000,0.0000,1.0000,1.0000,0.0000,0.0000,0.0000,0.0000,0.0000,0.0000,0.0000,0.0000,0.0000,0.0000,0.0000,1.0000,1.0000,1.0000,0.0095,0.1186,1.0000,0.0536,0.0000,0.0395,0.0000,0.0000,0
257,4.2833,handoff,0.0000,0.0000,1.0000,1.0000,0.0000,0.0000,0.0000,0.0000,0.0000,0.0000,0.0000,0.0000,0.0000,0.0000,0.0000,1.0000,1.0000,1.0000,0.0012,0.1481,1.0000,0.1052,0.0000,0.0779,0.0000,0.0000,0
258,4.3000,handoff,0.0000,0.0000,1.0000,1.0000,0.0000,0.0000,0.0000,0.0000,0.0000,0.0000,0.0000,0.0000,0.0000,0.0000,0.0000,1.0000,1.0000,1.0000,0.0000,0.1822,1.0000,0.1549,0.0000,0.1153,0.0000,0.0000,0
259,4.3167,handoff,0.0000,0.0000,1.0000,1.0000,0.0000,0.0000,0.0000,0.0000,0.0000,0.0000,0.0000,0.0000,0.0000,0.0000,0.0000,1.0000,1.0000,1.0000,0.0000,0.2211,1.0000,0.2027,0.0000,0.1516,0.0000,0.0000,0
260,4.3333,handoff,0.0000,0.0000,1.0000,1.0000,0.0000,0.0000,0.0000,0.0000,0.0000,0.0000,0.0000,0.0000,0.0000,0.0000,0.0000,1.0000,1.0000,1.0000,0.0000,0.2653,1.0000,0.2487,0.0000,0.1870,0.0000,0.0000,0
261,4.3500,handoff,0.0000,0.0000,1.0000,1.0000,0.0000,0.0000,0.0000,0.0000,0.0000,0.0000,0.0000,0.0000,0.0000,0.0000,0.0000,1.0000,1.0000,1.0000,0.0000,0.3149,1.0000,0.2929,0.0000,0.2213,0.0000,0.0000,0
262,4.3667,handoff,0.0000,0.0000,1.0000,1.0000,0.0000,0.0000,0.0000,0.0000,0.0000,0.0000,0.0000,0.0000,0.0000,0.0000,0.0000,1.0000,1.0000,1.0000,0.0000,0.3703,1.0000,0.3353,0.0000,0.2547,0.0000,0.0000,0
263,4.3833,handoff,0.0000,0.0000,1.0000,1.0000,0.0000,0.0000,0.0000,0.0000,0.0000,0.0000,0.0000,0.0000,0.0000,0.0000,0.0000,1.0000,1.0000,1.0000,0.0000,0.4319,1.0000,0.3760,0.0000,0.2871,0.0000,0.0000,0
264,4.4000,handoff,0.0000,0.0000,1.0000,1.0000,0.0000,0.0000,0.0000,0.0000,0.0000,0.0000,0.0000,0.0000,0.0000,0.0000,0.0000,1.0000,1.0000,1.0000,0.0000,0.5000,1.0000,0.4150,0.0000,0.3185,0.0000,0.0000,0
265,4.4167,handoff,0.0000,0.0000,1.0000,1.0000,0.0000,0.0000,0.0000,0.0000,0.0000,0.0000,0.0000,0.0000,0.0000,0.0000,0.0000,1.0000,1.0000,1.0000,0.0000,0.5681,1.0000,0.4523,0.0000,0.3490,0.0000,0.0000,0
266,4.4333,handoff,0.0000,0.0000,1.0000,1.0000,0.0000,0.0000,0.0000,0.0000,0.0000,0.0000,0.0000,0.0000,0.0000,0.0000,0.0000,1.0000,1.0000,1.0000,0.0000,0.6297,1.0000,0.4880,0.0000,0.3786,0.0000,0.0000,0
267,4.4500,handoff,0.0000,0.0000,1.0000,1.0000,0.0000,0.0000,0.0000,0.0000,0.0000,0.0000,0.0000,0.0000,0.0000,0.0000,0.0000,1.0000,1.0000,1.0000,0.0000,0.6851,1.0000,0.5221,0.0000,0.4073,0.0000,0.0000,0
268,4.4667,handoff,0.0000,0.0000,1.0000,1.0000,0.0000,0.0000,0.0000,0.0000,0.0000,0.0000,0.0000,0.0000,0.0000,0.0000,0.0000,1.0000,1.0000,1.0000,0.0000,0.7347,1.0000,0.5547,0.0000,0.4351,0.0000,0.0000,0
269,4.4833,handoff,0.0000,0.0000,1.0000,1.0000,0.0000,0.0000,0.0000,0.0000,0.0000,0.0000,0.0000,0.0000,0.0000,0.0000,0.0000,1.0000,1.0000,1.0000,0.0000,0.7789,1.0000,0.5857,0.0000,0.4620,0.0000,0.0000,0
270,4.5000,handoff,0.0000,0.0000,1.0000,1.0000,0.0000,0.0000,0.0000,0.0000,0.0000,0.0000,0.0000,0.0000,0.0000,0.0000,0.0000,1.0000,1.0000,1.0000,0.0000,0.8178,1.0000,0.6153,0.0000,0.4880,0.0000,0.0000,0
271,4.5167,handoff,0.0000,0.0000,1.0000,1.0000,0.0000,0.0000,0.0000,0.0000,0.0000,0.0000,0.0000,0.0000,0.0000,0.0000,0.0000,1.0000,1.0000,1.0000,0.0000,0.8519,1.0000,0.6435,0.0000,0.5132,0.0000,0.0000,0
272,4.5333,handoff,0.0000,0.0000,1.0000,1.0000,0.0000,0.0000,0.0000,0.0000,0.0000,0.0000,0.0000,0.0000,0.0000,0.0000,0.0000,1.0000,1.0000,1.0000,0.0000,0.8814,1.0000,0.6702,0.0000,0.5375,0.0000,0.0000,0
273,4.5500,handoff,0.0000,0.0000,1.0000,1.0000,0.0000,0.0000,0.0000,0.0000,0.0000,0.0000,0.0000,0.0000,0.0000,0.0000,0.0000,1.0000,1.0000,1.0000,0.0000,0.9067,1.0000,0.6955,0.0000,0.5610,0.0000,0.0000,0
274,4.5667,handoff,0.0000,0.0000,1.0000,1.0000,0.0000,0.0000,0.0000,0.0000,0.0000,0.0000,0.0000,0.0000,0.0000,0.0000,0.0000,1.0000,1.0000,1.0000,0.0000,0.9281,1.0000,0.7196,0.0000,0.5837,0.0000,0.0000,0
275,4.5833,handoff,0.0000,0.0000,1.0000,1.0000,0.0000,0.0000,0.0000,0.0000,0.0000,0.0000,0.0000,0.0000,0.0000,0.0000,0.0000,1.0000,1.0000,1.0000,0.0000,0.9460,1.0000,0.7423,0.0000,0.6056,0.0000,0.0000,0
276,4.6000,handoff,0.0000,0.0000,1.0000,1.0000,0.0000,0.0000,0.0000,0.0000,0.0000,0.0000,0.0000,0.0000,0.0000,0.0000,0.0000,1.0000,1.0000,1.0000,0.0000,0.9606,1.0000,0.7638,0.0000,0.6268,0.0000,0.0000,0
277,4.6167,handoff,0.0000,0.0000,1.0000,1.0000,0.0000,0.0000,0.0000,0.0000,0.0000,0.0000,0.0000,0.0000,0.0000,0.0000,0.0000,1.0000,1.0000,1.0000,0.0000,0.9724,0.9985,0.7840,0.0612,0.6471,0.0545,0.0000,0
278,4.6333,handoff,0.0000,0.0000,1.0000,1.0000,0.0000,0.0000,0.0000,0.0000,0.0000,0.0000,0.0000,0.0000,0.0000,0.0000,0.0000,1.0000,1.0000,1.0000,0.0000,0.9815,0.9883,0.8030,0.1199,0.6667,0.1070,0.0000,0
279,4.6500,handoff,0.0000,0.0000,1.0000,1.0000,0.0000,0.0000,0.0000,0.0000,0.0000,0.0000,0.0000,0.0000,0.0000,0.0000,0.0000,1.0000,1.0000,1.0000,0.0000,0.9883,0.9606,0.8209,0.1760,0.6856,0.1576,0.0000,0
280,4.6667,handoff,0.0000,0.0000,1.0000,1.0000,0.0000,0.0000,0.0000,0.0000,0.0000,0.0000,0.0000,0.0000,0.0000,0.0000,0.0000,1.0000,1.0000,1.0000,0.0000,0.9933,0.9067,0.8377,0.2297,0.7037,0.2062,0.0000,0
281,4.6833,handoff,0.0000,0.0000,1.0000,1.0000,0.0000,0.0000,0.0000,0.0000,0.0000,0.0000,0.0000,0.0000,0.0000,0.0000,0.0000,1.0000,1.0000,1.0000,0.0000,0.9965,0.8178,0.8534,0.2811,0.7211,0.2529,0.0000,0
282,4.7000,handoff,0.0000,0.0000,1.0000,1.0000,0.0000,0.0000,0.0000,0.0000,0.0000,0.0000,0.0000,0.0000,0.0000,0.0000,0.0000,1.0000,1.0000,1.0000,0.0000,0.9985,0.6851,0.8681,0.3301,0.7379,0.2977,0.0000,0
283,4.7167,handoff,0.0000,0.0000,1.0000,1.0000,0.0000,0.0000,0.0000,0.0000,0.0000,0.0000,0.0000,0.0000,0.0000,0.0000,0.0000,1.0000,1.0000,1.0000,0.0000,0.9996,0.5000,0.8817,0.3768,0.7539,0.3407,0.0000,0
284,4.7333,handoff,0.0000,0.0000,1.0000,1.0000,0.0000,0.0000,0.0000,0.0000,0.0000,0.0000,0.0000,0.0000,0.0000,0.0000,0.0000,1.0000,1.0000,1.0000,0.0000,0.9999,0.3149,0.8944,0.4213,0.7693,0.3819,0.0000,0
285,4.7500,handoff,0.0000,0.0000,1.0000,1.0000,0.0000,0.0000,0.0000,0.0000,0.0000,0.0000,0.0000,0.0000,0.0000,0.0000,0.0000,1.0000,1.0000,1.0000,0.0000,1.0000,0.1822,0.9061,0.4636,0.7840,0.4213,0.0000,0
286,4.7667,handoff,0.0000,0.0000,1.0000,1.0000,0.0000,0.0000,0.0000,0.0000,0.0000,0.0000,0.0000,0.0000,0.0000,0.0000,0.0000,1.0000,1.0000,1.0000,0.0000,1.0000,0.0933,0.9169,0.5038,0.7981,0.4590,0.0000,0
287,4.7833,handoff,0.0000,0.0000,1.0000,1.0000,0.0000,0.0000,0.0000,0.0000,0.0000,0.0000,0.0000,0.0000,0.0000,0.0000,0.0000,1.0000,1.0000,1.0000,0.0000,1.0000,0.0394,0.9269,0.5420,0.8115,0.4951,0.0000,0
288,4.8000,handoff,0.0000,0.0000,1.0000,1.0000,0.0000,0.0000,0.0000,0.0000,0.0000,0.0000,0.0000,0.0000,0.0000,0.0000,0.0000,1.0000,1.0000,1.0000,0.0000,1.0000,0.0117,0.9360,0.5781,0.8244,0.5295,0.0000,0
289,4.8167,handoff,0.0000,0.0000,1.0000,1.0000,0.0000,0.0000,0.0000,0.0000,0.0000,0.0000,0.0000,0.0000,0.0000,0.0000,0.0000,1.0000,1.0000,1.0000,0.0000,1.0000,0.0015,0.9443,0.6123,0.8366,0.5623,0.0000,0
290,4.8333,handoff,0.0000,0.0000,1.0000,1.0000,0.0000,0.0000,0.0000,0.0000,0.0000,0.0000,0.0000,0.0000,0.0000,0.0000,0.0000,1.0000,1.0000,1.0000,0.0000,1.0000,0.0000,0.9519,0.6446,0.8483,0.5936,0.0000,0
291,4.8500,hero-opening,0.0000,0.0000,0.0000,1.0000,0.0000,0.0000,0.0000,0.0000,0.0000,0.0000,0.0000,0.0000,0.0000,0.0000,0.0000,1.0000,1.0000,1.0000,0.0000,1.0000,0.0000,0.9588,0.6750,0.8594,0.6233,0.0000,0
292,4.8667,hero-opening,0.0000,0.0000,0.0000,1.0000,0.0000,0.0000,0.0000,0.0000,0.0000,0.0000,0.0000,0.0000,0.0000,0.0000,0.0000,1.0000,1.0000,1.0000,0.0000,1.0000,0.0000,0.9649,0.7037,0.8699,0.6515,0.0000,0
293,4.8833,hero-opening,0.0000,0.0000,0.0000,1.0000,0.0000,0.0000,0.0000,0.0000,0.0000,0.0000,0.0000,0.0000,0.0000,0.0000,0.0000,1.0000,1.0000,1.0000,0.0000,1.0000,0.0000,0.9705,0.7306,0.8799,0.6783,0.0000,0
294,4.9000,hero-opening,0.0000,0.0000,0.0000,1.0000,0.0000,0.0000,0.0000,0.0000,0.0000,0.0000,0.0000,0.0000,0.0000,0.0000,0.0000,1.0000,1.0000,1.0000,0.0000,1.0000,0.0000,0.9754,0.7559,0.8894,0.7037,0.0000,0
295,4.9167,hero-opening,0.0000,0.0000,0.0000,1.0000,0.0000,0.0000,0.0000,0.0000,0.0000,0.0000,0.0000,0.0000,0.0000,0.0000,0.0000,1.0000,1.0000,1.0000,0.0000,1.0000,0.0000,0.9797,0.7795,0.8984,0.7277,0.0000,0
296,4.9333,hero-opening,0.0000,0.0000,0.0000,1.0000,0.0000,0.0000,0.0000,0.0000,0.0000,0.0000,0.0000,0.0000,0.0000,0.0000,0.0000,1.0000,1.0000,1.0000,0.0000,1.0000,0.0000,0.9835,0.8015,0.9068,0.7504,0.0000,0
297,4.9500,hero-opening,0.0000,0.0000,0.0000,1.0000,0.0000,0.0000,0.0000,0.0000,0.0000,0.0000,0.0000,0.0000,0.0000,0.0000,0.0000,1.0000,1.0000,1.0000,0.0000,1.0000,0.0000,0.9868,0.8220,0.9148,0.7718,0.0000,0
298,4.9667,hero-opening,0.0000,0.0000,0.0000,1.0000,0.0000,0.0000,0.0000,0.0000,0.0000,0.0000,0.0000,0.0000,0.0000,0.0000,0.0000,1.0000,1.0000,1.0000,0.0000,1.0000,0.0000,0.9896,0.8411,0.9223,0.7919,0.0000,0
299,4.9833,hero-opening,0.0000,0.0000,0.0000,1.0000,0.0000,0.0000,0.0000,0.0000,0.0000,0.0000,0.0000,0.0000,0.0000,0.0000,0.0000,1.0000,1.0000,1.0000,0.0000,1.0000,0.0000,0.9920,0.8587,0.9294,0.8108,0.0000,0
300,5.0000,hero-opening,0.0000,0.0000,0.0000,1.0000,0.0000,0.0000,0.0000,0.0000,0.0000,0.0000,0.0000,0.0000,0.0000,0.0000,0.0000,1.0000,1.0000,1.0000,0.0000,1.0000,0.0000,0.9940,0.8750,0.9360,0.8285,0.0000,0
301,5.0167,hero-opening,0.0000,0.0000,0.0000,1.0000,0.0000,0.0000,0.0000,0.0000,0.0000,0.0000,0.0000,0.0000,0.0000,0.0000,0.0000,1.0000,1.0000,1.0000,0.0000,1.0000,0.0000,0.9956,0.8900,0.9422,0.8451,0.0000,0
302,5.0333,hero-opening,0.0000,0.0000,0.0000,1.0000,0.0000,0.0000,0.0000,0.0000,0.0000,0.0000,0.0000,0.0000,0.0000,0.0000,0.0000,1.0000,1.0000,1.0000,0.0000,1.0000,0.0000,0.9969,0.9037,0.9480,0.8606,0.0833,0
303,5.0500,hero-opening,0.0000,0.0000,0.0000,1.0000,0.0000,0.0000,0.0000,0.0000,0.0000,0.0000,0.0000,0.0000,0.0000,0.0000,0.0000,1.0000,1.0000,1.0000,0.0000,1.0000,0.0000,0.9979,0.9163,0.9533,0.8750,0.1618,0
304,5.0667,hero-opening,0.0000,0.0000,0.0000,1.0000,0.0000,0.0000,0.0000,0.0000,0.0000,0.0000,0.0000,0.0000,0.0000,0.0000,0.0000,1.0000,1.0000,1.0000,0.0000,1.0000,0.0000,0.9987,0.9277,0.9583,0.8884,0.2357,0
305,5.0833,hero-opening,0.0000,0.0000,0.0000,1.0000,0.0000,0.0000,0.0000,0.0000,0.0000,0.0000,0.0000,0.0000,0.0000,0.0000,0.0000,1.0000,1.0000,1.0000,0.0000,1.0000,0.0000,0.9992,0.9380,0.9630,0.9008,0.3052,0
306,5.1000,hero-opening,0.0000,0.0000,0.0000,1.0000,0.0000,0.0000,0.0000,0.0000,0.0000,0.0000,0.0000,0.0000,0.0000,0.0000,0.0000,1.0000,1.0000,1.0000,0.0000,1.0000,0.0000,0.9996,0.9473,0.9672,0.9122,0.3703,0
307,5.1167,hero-opening,0.0000,0.0000,0.0000,1.0000,0.0000,0.0000,0.0000,0.0000,0.0000,0.0000,0.0000,0.0000,0.0000,0.0000,0.0000,1.0000,1.0000,1.0000,0.0000,1.0000,0.0000,0.9998,0.9556,0.9712,0.9227,0.4312,0
308,5.1333,hero-opening,0.0000,0.0000,0.0000,1.0000,0.0000,0.0000,0.0000,0.0000,0.0000,0.0000,0.0000,0.0000,0.0000,0.0000,0.0000,1.0000,1.0000,1.0000,0.0000,1.0000,0.0000,1.0000,0.9630,0.9748,0.9324,0.4880,0
309,5.1500,hero-opening,0.0000,0.0000,0.0000,1.0000,0.0000,0.0000,0.0000,0.0000,0.0000,0.0000,0.0000,0.0000,0.0000,0.0000,0.0000,1.0000,1.0000,1.0000,0.0000,1.0000,0.0000,1.0000,0.9695,0.9780,0.9412,0.5409,0
310,5.1667,hero-opening,0.0000,0.0000,0.0000,1.0000,0.0000,0.0000,0.0000,0.0000,0.0000,0.0000,0.0000,0.0000,0.0000,0.0000,0.0000,1.0000,1.0000,1.0000,0.0000,1.0000,0.0000,1.0000,0.9752,0.9810,0.9492,0.5901,0
311,5.1833,hero-opening,0.0000,0.0000,0.0000,1.0000,0.0000,0.0000,0.0000,0.0000,0.0000,0.0000,0.0000,0.0000,0.0000,0.0000,0.0000,1.0000,1.0000,1.0000,0.0000,1.0000,0.0000,1.0000,0.9801,0.9837,0.9564,0.6356,0
312,5.2000,hero-opening,0.0000,0.0000,0.0000,1.0000,0.0000,0.0000,0.0000,0.0000,0.0000,0.0000,0.0000,0.0000,0.0000,0.0000,0.0000,1.0000,1.0000,1.0000,0.0000,1.0000,0.0000,1.0000,0.9844,0.9862,0.9630,0.6776,0
313,5.2167,hero-opening,0.0000,0.0000,0.0000,1.0000,0.0000,0.0000,0.0000,0.0000,0.0000,0.0000,0.0000,0.0000,0.0000,0.0000,0.0000,1.0000,1.0000,1.0000,0.0000,1.0000,0.0000,1.0000,0.9880,0.9884,0.9688,0.7162,0
314,5.2333,hero-opening,0.0000,0.0000,0.0000,1.0000,0.0000,0.0000,0.0000,0.0000,0.0000,0.0000,0.0000,0.0000,0.0000,0.0000,0.0000,1.0000,1.0000,1.0000,0.0000,1.0000,0.0000,1.0000,0.9910,0.9903,0.9740,0.7517,0
315,5.2500,hero-opening,0.0000,0.0000,0.0000,1.0000,0.0000,0.0000,0.0000,0.0000,0.0000,0.0000,0.0000,0.0000,0.0000,0.0000,0.0000,1.0000,1.0000,1.0000,0.0000,1.0000,0.0000,1.0000,0.9934,0.9920,0.9786,0.7840,0
316,5.2667,hero-opening,0.0000,0.0000,0.0000,1.0000,0.0000,0.0000,0.0000,0.0000,0.0000,0.0000,0.0000,0.0000,0.0000,0.0000,0.0000,1.0000,1.0000,1.0000,0.0000,1.0000,0.0000,1.0000,0.9954,0.9935,0.9826,0.8134,0
317,5.2833,hero-opening,0.0000,0.0000,0.0000,1.0000,0.0000,0.0000,0.0000,0.0000,0.0000,0.0000,0.0000,0.0000,0.0000,0.0000,0.0000,1.0000,1.0000,1.0000,0.0000,1.0000,0.0000,1.0000,0.9969,0.9948,0.9860,0.8400,0
318,5.3000,hero-opening,0.0000,0.0000,0.0000,1.0000,0.0000,0.0000,0.0000,0.0000,0.0000,0.0000,0.0000,0.0000,0.0000,0.0000,0.0000,1.0000,1.0000,1.0000,0.0000,1.0000,0.0000,1.0000,0.9980,0.9959,0.9890,0.8640,0
319,5.3167,hero-opening,0.0000,0.0000,0.0000,1.0000,0.0000,0.0000,0.0000,0.0000,0.0000,0.0000,0.0000,0.0000,0.0000,0.0000,0.0000,1.0000,1.0000,1.0000,0.0000,1.0000,0.0000,1.0000,0.9989,0.9968,0.9915,0.8854,0
320,5.3333,hero-opening,0.0000,0.0000,0.0000,1.0000,0.0000,0.0000,0.0000,0.0000,0.0000,0.0000,0.0000,0.0000,0.0000,0.0000,0.0000,1.0000,1.0000,1.0000,0.0000,1.0000,0.0000,1.0000,0.9994,0.9976,0.9936,0.9045,0
321,5.3500,hero-opening,0.0000,0.0000,0.0000,1.0000,0.0000,0.0000,0.0000,0.0000,0.0000,0.0000,0.0000,0.0000,0.0000,0.0000,0.0000,1.0000,1.0000,1.0000,0.0000,1.0000,0.0000,1.0000,0.9998,0.9983,0.9954,0.9213,0
322,5.3667,hero-opening,0.0000,0.0000,0.0000,1.0000,0.0000,0.0000,0.0000,0.0000,0.0000,0.0000,0.0000,0.0000,0.0000,0.0000,0.0000,1.0000,1.0000,1.0000,0.0000,1.0000,0.0000,1.0000,0.9999,0.9988,0.9967,0.9360,0
323,5.3833,hero-opening,0.0000,0.0000,0.0000,1.0000,0.0000,0.0000,0.0000,0.0000,0.0000,0.0000,0.0000,0.0000,0.0000,0.0000,0.0000,1.0000,1.0000,1.0000,0.0000,1.0000,0.0000,1.0000,1.0000,0.9992,0.9978,0.9488,0
324,5.4000,hero-opening,0.0000,0.0000,0.0000,1.0000,0.0000,0.0000,0.0000,0.0000,0.0000,0.0000,0.0000,0.0000,0.0000,0.0000,0.0000,1.0000,1.0000,1.0000,0.0000,1.0000,0.0000,1.0000,1.0000,0.9995,0.9986,0.9597,0
325,5.4167,hero-opening,0.0000,0.0000,0.0000,1.0000,0.0000,0.0000,0.0000,0.0000,0.0000,0.0000,0.0000,0.0000,0.0000,0.0000,0.0000,1.0000,1.0000,1.0000,0.0000,1.0000,0.0000,1.0000,1.0000,0.9997,0.9992,0.9690,0
326,5.4333,hero-opening,0.0000,0.0000,0.0000,1.0000,0.0000,0.0000,0.0000,0.0000,0.0000,0.0000,0.0000,0.0000,0.0000,0.0000,0.0000,1.0000,1.0000,1.0000,0.0000,1.0000,0.0000,1.0000,1.0000,0.9998,0.9996,0.9767,0
327,5.4500,hero-opening,0.0000,0.0000,0.0000,1.0000,0.0000,0.0000,0.0000,0.0000,0.0000,0.0000,0.0000,0.0000,0.0000,0.0000,0.0000,1.0000,1.0000,1.0000,0.0000,1.0000,0.0000,1.0000,1.0000,0.9999,0.9998,0.9830,0
328,5.4667,hero-opening,0.0000,0.0000,0.0000,1.0000,0.0000,0.0000,0.0000,0.0000,0.0000,0.0000,0.0000,0.0000,0.0000,0.0000,0.0000,1.0000,1.0000,1.0000,0.0000,1.0000,0.0000,1.0000,1.0000,1.0000,0.9999,0.9881,0
329,5.4833,hero-opening,0.0000,0.0000,0.0000,1.0000,0.0000,0.0000,0.0000,0.0000,0.0000,0.0000,0.0000,0.0000,0.0000,0.0000,0.0000,1.0000,1.0000,1.0000,0.0000,1.0000,0.0000,1.0000,1.0000,1.0000,1.0000,0.9920,0
330,5.5000,hero-opening,0.0000,0.0000,0.0000,1.0000,0.0000,0.0000,0.0000,0.0000,0.0000,0.0000,0.0000,0.0000,0.0000,0.0000,0.0000,1.0000,1.0000,1.0000,0.0000,1.0000,0.0000,1.0000,1.0000,1.0000,1.0000,0.9950,0
331,5.5167,hero-opening,0.0000,0.0000,0.0000,1.0000,0.0000,0.0000,0.0000,0.0000,0.0000,0.0000,0.0000,0.0000,0.0000,0.0000,0.0000,1.0000,1.0000,1.0000,0.0000,1.0000,0.0000,1.0000,1.0000,1.0000,1.0000,0.9971,0
332,5.5333,hero-opening,0.0000,0.0000,0.0000,1.0000,0.0000,0.0000,0.0000,0.0000,0.0000,0.0000,0.0000,0.0000,0.0000,0.0000,0.0000,1.0000,1.0000,1.0000,0.0000,1.0000,0.0000,1.0000,1.0000,1.0000,1.0000,0.9985,0
333,5.5500,hero-opening,0.0000,0.0000,0.0000,1.0000,0.0000,0.0000,0.0000,0.0000,0.0000,0.0000,0.0000,0.0000,0.0000,0.0000,0.0000,1.0000,1.0000,1.0000,0.0000,1.0000,0.0000,1.0000,1.0000,1.0000,1.0000,0.9994,0
334,5.5667,hero-opening,0.0000,0.0000,0.0000,1.0000,0.0000,0.0000,0.0000,0.0000,0.0000,0.0000,0.0000,0.0000,0.0000,0.0000,0.0000,1.0000,1.0000,1.0000,0.0000,1.0000,0.0000,1.0000,1.0000,1.0000,1.0000,0.9998,0
335,5.5833,hero-opening,0.0000,0.0000,0.0000,1.0000,0.0000,0.0000,0.0000,0.0000,0.0000,0.0000,0.0000,0.0000,0.0000,0.0000,0.0000,1.0000,1.0000,1.0000,0.0000,1.0000,0.0000,1.0000,1.0000,1.0000,1.0000,1.0000,0
336,5.6000,interactive-ready,0.0000,0.0000,0.0000,1.0000,0.0000,0.0000,0.0000,0.0000,0.0000,0.0000,0.0000,0.0000,0.0000,0.0000,0.0000,1.0000,1.0000,1.0000,0.0000,1.0000,0.0000,1.0000,1.0000,1.0000,1.0000,1.0000,1
